Name,Gender
ကျင်ဒါမဏီ,1
ကျော့ကျော့စံ,1
ကျော့ကေခိုင်,1
ကျော့ကေခိုင်စု,1
ကျော့ကေသရီ,1
ကျော့စန္ဒီထွန်း,1
ကျော့ဆွေဇင်သင်း,1
ကျော့ဇောလင်း,1
ကျော့ဝေနှင်းထွေး,1
ကျော်ကျော်ထက်,0
ကျော်ကျော်ထွန်း,0
ကျော်ကျော်သိန်း,0
ကျော်ကျော်ဠု,0
ကျော်ကျော်ဦး,0
ကျော်ကိုကို,0
ကျော်ကောင်းစံ,0
ကျော်ခင်သိန်း,0
ကျော်ခိုင်ဦး,0
ကျော်ငြိမ်ချမ်း,0
ကျော်စည်သူ,0
ကျော်စွာစိုး,0
ကျော်စွာဆက်,0
ကျော်စွာထွန်း,0
ကျော်စွာမြင့်,0
ကျော်စွာလင်း,0
ကျော်စွာလွင်,0
ကျော်စွာဝင်း,0
ကျော်စွာဟန်,0
ကျော်စွာအောင်,0
ကျော်စွာဦး,0
ကျော်စိုးမိုး,0
ကျော်စိုးလင်း,0
ကျော်စိုးသူ,0
ကျော်စိုးအောင်,0
ကျော်စိုးဦး,0
ကျော်ဆန်းလင်း,0
ကျော်ဆန်းဦး,0
ကျော်ဆွေဦး,0
ကျော်ဇင်ထွန်း,0
ကျော်ဇင်ဖြိုး,0
ကျော်ဇင်လတ်,0
ကျော်ဇင်ဝင်း,0
ကျော်ဇင်ဝေ,0
ကျော်ဇင်သက်,0
ကျော်ဇင်သန့်,0
ကျော်ဇင်သန့်,0
ကျော်ဇင်ဟိဏ်း,0
ကျော်ဇင်ဟိန်း,0
ကျော်ဇင်အောင်,0
ကျော်ဇင်ဦး,0
ကျော်ဇံမြင့်,0
ကျော်ဇေယျ,0
ကျော်ဇေယျအောင်,0
ကျော်ဇေယျာလင်း,0
ကျော်ဇေယျာဝင်း,0
ကျော်ဇေယျာသိန်း,0
ကျော်ဇောထွန်း,0
ကျော်ဇောလင်း,0
ကျော်ဇောသူ,0
ကျော်ဇောအောင်,0
ကျော်ဇောဦး,0
ကျော်ထက်,0
ကျော်ထက်မင်း,0
ကျော်ထက်လွင်,0
ကျော်ထွန်း,0
ကျော်ထွန်းနိုင်,0
ကျော်ထွန်းမြင့်,0
ကျော်ထွန်းဝင်း,0
ကျော်ထွန်းအောင်,0
ကျော်ထွန်းဦး,0
ကျော်နဒီအောင်,0
ကျော်နန္ဒ,0
ကျော်နိုင်စိုး,0
ကျော်နိုင်ထွန်း,0
ကျော်နိုင်ဝင်း,0
ကျော်နိုင်ဦး,0
ကျော်ဖြိုးဝင်း,0
ကျော်ဗလ,0
ကျော်ဗိုလ်ဗိုလ်သိန်း,0
ကျော်ဗိုလ်ဗိုလ်ဦး,0
ကျော်မင်းခိုင်,0
ကျော်မင်းစိုး,0
ကျော်မင်းထက်,0
ကျော်မင်းထွန်း,0
ကျော်မင်းထွေး,0
ကျော်မင်းနိုင်,0
ကျော်မင်းလတ်,0
ကျော်မင်းလွင်,0
ကျော်မင်းသန့်,0
ကျော်မင်းသိန်း,0
ကျော်မင်းအေး,0
ကျော်မင်းအောင်,0
ကျော်မင်းဦး,0
ကျော်မျိုးခိုင်,0
ကျော်မျိုးညွန့်,0
ကျော်မျိုးထွန်း,0
ကျော်မျိုးနိုင်,0
ကျော်မျိုးလွင်,0
ကျော်မျိုးလှိုင်,0
ကျော်မျိုးဝင်း,0
ကျော်မျိုးသူ,0
ကျော်မျိုးအောင်,0
ကျော်မြင့်အောင်,0
ကျော်မြတ်စိုး,0
ကျော်မြသိန်း,0
ကျော်မြိုင်,0
ကျော်မိုးခိုင်,0
ကျော်မိုးဇော်,0
ကျော်မိုးနိုင်,0
ကျော်မိုးလွင်,0
ကျော်မိုးသူ,0
ကျော်မိုးအောင်,0
ကျော်မီမီစိုး,0
ကျော်ရဲရင့်ပိုင်,0
ကျော်ရဲလင်း,0
ကျော်ရဲလွင်,0
ကျော်ရဲအောင်,0
ကျော်လင်းခန့်,0
ကျော်လင်းထွန်း,0
ကျော်လင်းလင်း,0
ကျော်လင်းသန့်,0
ကျော်လင်းအောင်,0
ကျော်လင်းဦး,0
ကျော်လွင်ဦး,0
ကျော်ဝင်း,0
ကျော်ဝင်းထွန်း,0
ကျော်ဝင်းမြင့်,0
ကျော်ဝင်းအောင်,0
ကျော်ဝင်းဦး,0
ကျော်သက်နိုင်,0
ကျော်သက်လှိုင်,0
ကျော်သက်ဝေ,0
ကျော်သန်းဌေး,0
ကျော်သန်းဦး,0
ကျော်သွင်ညွန့်,0
ကျော်သာဟိန်း,0
ကျော်သိန်းဦး,0
ကျော်သီဟ,0
ကျော်သုတဦး,0
ကျော်သူရ,0
ကျော်သူရိန်မျိုး,0
ကျော်သူလင်း,0
ကျော်သူဝင်း,0
ကျော်သူဟိန်း,0
ကျော်သူအောင်,0
ကျော်ဥာဏ်ထွန်း,0
ကျော်ဦးလွင်,0
ကရက်ထော,0
ကြည်ကြည်မေ,1
ကြည်ကြည်လဲ့,1
ကြည်ကြည်သော်,1
ကြည်ကြည်ဟန်,1
ကြည်စုလှိုင်,1
ကြည်ထူးဇော်,0
ကြည်ပြာသိန်း,1
ကြည်ဖြူဝင်းရှိန်,1
ကြည်ဖြူသျှင်,1
ကြည်မျိုးလွင်,0
ကြည်ယွန်းအိမ်,1
ကြည်လွင်မြင့်,0
ကြည်လဲ့ခင်,1
ကြည်လဲ့လဲ့အောင်,1
ကြည်ဝင်းမော်,1
ကြည်သင်းဦး,1
ကြည်သန့်စင်,0
ကြည်သာစိုးစံ,1
ကြယ်ကဗျာထက်,1
ကြယ်စင်ထက်,0
ကြယ်စင်ထွန်း,0
ကြယ်စင်ဖြူ,1
ကြယ်စင်မင်းထက်,0
ကြယ်စင်မင်းထွဋ်,0
ကြယ်စင်မှုး,0
ကြယ်စင်သန့်,0
ကြယ်ဇင်ဇော်,0
ကြွယ်ကြွယ်ဌေး,1
ကြာညိုအေး,1
ကြိုကြိုမိုး,1
ကြိုင်စံရွှေ,0
ကြူကြူခင်,1
ကြူကြူမေ,1
ကြူကြူရှိန်,1
ကြူကြူလွင်,1
ကြော့ကေခိုင်,1
ကံလင်းသာ,0
ကာယံမိုး,0
ကိုကိုမင်းထက်,0
ကုဋေမိုးမြင့်,1
ကေကေခိုင်,1
ကေခိုင်ဇင်,1
ကေခိုင်ထွန်း,1
ကေခိုင်မြင့်လွင်,1
ကေခိုင်လင်း,1
ကေခိုင်ဝင်းထွန်း,1
ကေခိုင်ဝင်းမြင့်,1
ကေစီထွန်း,1
ကေဇင်ခိုင်,1
ကေဇင်စိုး,1
ကေဇင်ဇင်သော်,1
ကေဇင်ထက်,1
ကေဇင်မျိုးမြင့်,1
ကေဇင်လှိုင်,1
ကေဇင်သက်,1
ကေဇင်သန့်,1
ကေဇင်သွယ်,1
ကေဇင်သောင်း,1
ကေဇင်သဲ,1
ကေဇင်အောင်,1
ကေဇာလွင်,1
ကေသဇင်မိုး,1
ကေသရီ,1
ကေသရီဝင်း,1
ကေသွယ်မိုး,1
ကေသွယ်အောင်,1
ကေသွယ်ဦး,1
ကေသီခိုင်,1
ကေသီစိုး,1
ကေသီစိုးသိမ်း,1
ကေသီထွန်း,1
ကေသီနွယ်,1
ကေသီမြင့်,1
ကေသီမြင့်,1
ကေသီယာ,1
ကေသီလွင်,1
ကေသီလှိုင်,1
ကေသီဝင်း,1
ကေသီအောင်,1
ကေသီဦး,1
ကေသူဇာခိုင်,1
ကောင်းကျော်စိုး,0
ကောင်းကျော်ဇ,0
ကောင်းခန့်ကျော်,0
ကောင်းခန့်ဇင်,0
ကောင်းခန့်ဇော်,0
ကောင်းခန့်ထူး,0
ကောင်းခန့်မာန်,0
ကောင်းခန့်မောင်မောင်,0
ကောင်းခန့်လင်း,0
ကောင်းခန့်ဝင်း,0
ကောင်းခန့်ဟန်,0
ကောင်းစည်သူ,0
ကောင်းစံဟိန်း,0
ကောင်းစုထက်စံ,0
ကောင်းဆက်,0
ကောင်းဆက်ဆက်အောင်,0
ကောင်းဆက်ပိုင်,0
ကောင်းဆက်မင်းသွင်,0
ကောင်းဆက်ဟိန်း,0
ကောင်းဆက်အောင်,0
ကောင်းဆုသာ,0
ကောင်းဇော်ထွန်း,0
ကောင်းဇော်ထူး,0
ကောင်းညီညီဇံ,0
ကောင်းညီလင်း,0
ကောင်းထက်,0
ကောင်းထက်ကျော်,0
ကောင်းထက်ကို,0
ကောင်းထက်ကိုကို,0
ကောင်းထက်စံ,0
ကောင်းထက်စိုး,0
ကောင်းထက်ဇော်,0
ကောင်းထက်နိုင်,0
ကောင်းထက်မြင့်,0
ကောင်းထက်မြတ်နိုး,0
ကောင်းထက်ရတီ,0
ကောင်းထက်ဝင်း,0
ကောင်းထက်သန့်စိုး,0
ကောင်းထက်သော်,0
ကောင်းထက်ဟိန်း,0
ကောင်းထက်အောင်,0
ကောင်းထက်ဦး,0
ကောင်းထွဋ်စိုး,0
ကောင်းထွဋ်ဝင်း,0
ကောင်းနိုင်ခ,0
ကောင်းပြည့်စုံ,0
ကောင်းဖြိုးဦး,0
ကောင်းမြတ်,0
ကောင်းမြတ်ကျော်,0
ကောင်းမြတ်စိုး,0
ကောင်းမြတ်ထက်,0
ကောင်းမြတ်ထွဋ်,0
ကောင်းမြတ်ထွန်း,0
ကောင်းမြတ်ပိုင်,0
ကောင်းမြတ်လင်း,0
ကောင်မြတ်သူ,0
ကောင်းမြတ်သူ,0
ကောင်းမြတ်သော်,0
ကောင်းမြတ်ဦး,0
ကောင်းလင်းသူ,0
ကောင်းသစ်မင်း,0
ကောင်းသန့်ကျော်,0
ကောင်းသန့်စံ,0
ကောင်းသန့်ဟိန်း,0
ကောင်းသူဇန်,0
ကောင်းသော်ခန့်,0
ခက်ခက်စံ,1
ခက်ခက်မြတ်နွေး,1
ခက်မွန်ဝင်း,1
ခင်ကံ့ကော်,1
ခင်ကျော့ရှင်း,1
ခင်ကျော်ထက်,1
ခင်ကြည်ကြည်ခိုင်,1
ခင်ကြည်မြင့်,1
ခင်ကြူကြူ,1
ခင်ခက်ခက်ကျော်,1
ခင်ခင်ငြိမ်းစံ,1
ခင်ခင်စု,1
ခင်ခင်ဆု,1
ခင်ခင်ညို,1
ခင်ခင်ထွေး,1
ခင်ခင်ထား,1
ခင်ခင်ထူး,1
ခင်ခင်နွယ်,1
ခင်ခင်ယု,1
ခင်ခတ္တာမြင့်,1
ခင်ချယ်ရီ,1
ခင်ချယ်ရီနှင်း,1
ခင်ချိုချို,1
ခင်ချိုချိုတင့်,1
ခင်ချိုမြင့်,1
ခင်ချိုလွင်,1
ခင်ချိုဝင်း,1
ခင်ချိုသက်,1
ခင်ချိုဦး,1
ခင်ချောစုဝေထွန်း,1
ခင်ဂျူလိုင်သိန်း,1
ခင်ငြိမ်း,1
ခင်ငြိမ်းချမ်း,1
ခင်ငြိမ်းငြိမ်း,1
ခင်စန္ဒာ,1
ခင်စန္ဒာထွန်း,1
ခင်စန္ဒာဝင်း,1
ခင်စန္ဒာသိန်း,1
ခင်စန္ဒာအောင်,1
ခင်စန်းကြည်,1
ခင်စန်းကြူ,1
ခင်စန်းမေ,1
ခင်စန်းယု,1
ခင်စံပယ်လှိုင်,1
ခင်စုစုဟန်,1
ခင်စုရည်,1
ခင်စုလှိုင်,1
ခင်စုဝင်း,1
ခင်စုဝေ,1
ခင်စောနွယ်,1
ခင်စောနှင်း,1
ခင်စောမြင့်,1
ခင်စောမူ,1
ခင်စောရီ,1
ခင်စောလွင်,1
ခင်စောလှ,1
ခင်စောဝင်း,1
ခင်စောဝေ,1
ခင်စောဦး,1
ခင်ဆွေယု,1
ခင်ဆွေရီ,1
ခင်ဆွေသန့်,1
ခင်ဆွေဦး,1
ခင်ဆုဇာသင်း,1
ခင်ဆုပြည့်ထွေး,1
ခင်ဇာခြည်ကျော်,1
ခင်ဇာခြည်ဦး,1
ခင်ဇာဏီဝင့်,1
ခင်ဇာလင်း,1
ခင်ဇာသွယ်,1
ခင်ဇူးဇူးသော်,1
ခင်ဇော်မြင့်,0
ခင်ဇော်ဝင်း,0
ခင်ဇော်အောင်,0
ခင်ဇော်ဦး,0
ခင်ညွန့်ညွန့်,1
ခင်ညွန့်ရီ,1
ခင်ညွန့်ဝေ,1
ခင်ညိုညို,1
ခင်ညိုဝင်း,1
ခင်တွယ်တာအောင်,1
ခင်တိုးမြင့်,0
ခင်ထက်ထက်လှိုင်,1
ခင်ထား,1
ခင်ထားရီ,1
ခင်ထားဝေ,1
ခင်နဒီ,1
ခင်နန္ဒာကို,1
ခင်နန်းမူ,1
ခင်နွယ်နွယ်,1
ခင်နွယ်မြင့်,1
ခင်နွယ်ဦး,1
ခင်နှင်းကြည်,1
ခင်နှင်းငယ်,1
ခင်နှင်းဆွေ,1
ခင်နှင်းပွင့်ဝေဦး,1
ခင်နှင်းဖြူ,1
ခင်နှင်းယု,1
ခင်နှင်းရီ,1
ခင်နှင်းဦး,1
ခင်နီမာချစ်,1
ခင်န်းဘုန်းမြင့်,1
ခင်ပပလင်း,1
ခင်ပပလွင်,1
ခင်ပြည့်စုံသိမ်း,1
ခင်ပြည့်ပြည့်ရွှန်း,1
ခင်ပြည့်ပြည့်အောင်,1
ခင်ပြည့်ဖြိုးသန့်,1
ခင်ပြုံးရွှေ,1
ခင်ပြုံးရီ,1
ခင်ပုံ့ပုံ့ဟန်,1
ခင်ဖြိုးဇင်,1
ခင်ဖြိုးသူ,1
ခင်ဖြူစင်သိန်း,1
ခင်ဖုန်းဝေ,1
ခင်ဖုန်းဦး,1
ခင်ဘရဏီကျော်,1
ခင်မဉ္ဇူ,1
ခင်မမစိုး,1
ခင်မျိုးဆင့်,1
ခင်မျိုးနွယ်,1
ခင်မျိုးသီရိကျော်,1
ခင်မြင့်မေ,1
ခင်မြတ်နွယ်,1
ခင်မြတ်နိုးစင်,1
ခင်မြတ်နိုးဝေ,1
ခင်မြတ်မွန်,1
ခင်မြတ်မူ,1
ခင်မြတ်လှိုင်,1
ခင်မြတ်သူ,1
ခင်မြမြဇင်,1
ခင်မာလာ,1
ခင်မာလာဦး,1
ခင်မိုးဆွေ,1
ခင်မိုးမြင့်,1
ခင်မို့မို့ကျော်,1
ခင်မို့မို့ထွေး,1
ခင်မို့မို့လွင်,1
ခင်မို့မို့အောင်,1
ခင်မိုးဝေ,1
ခင်မီမီလှိုင်,1
ခင်မီမီသိန်း,1
ခင်မေယု,1
ခင်မေရီ,1
ခင်မေသက်,1
ခင်ယမုံစု,1
ခင်ယုမေ,1
ခင်ယုဝေ,1
ခင်ရတနာပြည့်စုံမြင့်,1
ခင်ရတနာဦး,1
ခင်ရွှေဝင်း,1
ခင်ရွှေဦး,1
ခင်ရှင်းသန့်,1
ခင်ရှိန်,1
ခင်ရီမြင့်,1
ခင်လင်းဦး,1
ခင်လပြည်ဝန်း,1
ခင်လပြည့်ဝန်း,1
ခင်လပြည့်ဝန်း,1
ခင်လေးဆွေ,1
ခင်လေးနွယ်,1
ခင်လေးသွင်,1
ခင့်ဝင့်ဝါမိုး,1
ခင်ဝါဝါမြတ်,1
ခင်သက်ထားမေ,1
ခင်သန္တာ,1
ခင်သန္တာစိုး,1
ခင်သန့်ဇင်မိုး,1
ခင်သာဦး,1
ခင်သိုက်သိုက်စိုး,1
ခင်သီတာ,1
ခင်သီတာကျော်,1
ခင်သီတာစိုး,1
ခင်သီတာထွန်း,1
ခင်သီတာလွင်,1
ခင်သီတာဝင်း,1
ခင်သီတာအေး,1
ခင်သီရိသူ,1
ခင်သူဇာခိုင်,1
ခင်သူဇာအေး,1
ခင်သူသူလှိုင်,1
ခင်သူဟန်,1
ခင်သော်တာတင့်ထွန်းရွှေ,1
ခင်အေးသာ,1
ခင်အေးသီ,1
ခင်ဦးမေ,1
ခတ္တာမိုးမြင့်ဦး,1
ခန့်ကျော့ကျော့သိမ့်,1
ခန့်ကျော်ဇင်,0
ခန့်ကိုကို,0
ခန့်ကိုကိုမျိုး,0
ခန့်ကိုဇင်,0
ခန့်ကေခိုင်,1
ခန့်ခန့်ငြိမ်းစိုး,1
ခန့်ခန့်ဇွန်,1
ခန့်စည်သူဖြိုး,0
ခန့်စိုးထက်,0
ခန့်ဇင်ထက်,0
ခန့်ဇင်အောင်,0
ခန့်ဇော်ထွန်း,0
ခန့်ဇော်ဖြိုး,0
ခန့်ဇော်ဟိန်း,0
ခန့်ညားထည်,0
ခန့်ညိမ်းအောင်,0
ခန့်ထူးစံ,0
ခန့်မင်းစိုး,0
ခန့်မင်းညို,0
ခန့်မင်းညီ,0
ခန့်မိုးအောင်,0
ခန့်လင်းကို,0
ခန့်အုပ်စိုး,0
ချစ်ကိုကိုထွန်း,0
ချစ်စနိုးပြုံး,1
ချစ်စနိုးဦး,1
ချစ်စုစိုးလွင်,1
ချစ်စုထွေး,1
ချစ်စုမြတ်,1
ချစ်စုမော်,1
ချစ်စုလှိုင်,1
ချစ်စုဝေ,1
ချစ်စုသွယ်,1
ချစ်စုဟိန်း,1
ချစ်ဆုဝေ,1
ချစ်ဒါလီ,1
ချစ်နန်းကို,1
ချစ်နော်လီ,1
ချစ်ပိုးမြတ်,1
ချစ်ဖူးငုံ,1
ချစ်ဖူးအိမ်,1
ချစ်မင်းပိုင်,0
ချစ်မင်းသူ,0
ချစ်မင်းဦး,0
ချစ်မျိုးထက်,0
ချစ်မြတ်ဝဿန်,0
ချစ်မီးငယ်,1
ချစ်လွန်းနိုင်,0
ချစ်လှအောင်,0
ချစ်ဝိုင်းတုန်,1
ချစ်ဝိုင်းပွင့်,1
ချစ်သဲအိမ်,1
ချမ်းကျော်ကျော်ပိုင်,0
ချမ်းငြိမ်း,0
ချမ်းငြိမ်းသူ,0
ချမ်းငြိမ်းအောင်,0
ချမ်းတလနွန်,0
ချမ်းပြည့်သူ,0
ချမ်းမင်းသန့်,0
ချမ်းမင်းအောင်,0
ချမ်းမြတ်ငြိမ်း,0
ချမ်းမြတ်သူ,0
ချမ်းမြအောင်,0
ချမ်းမြေ့ကျော်,0
ချမ်းမြေ့ခင်,1
ချမ်းမြေ့ငြိမ်း,0
ချမ်းမြေ့စိုးဦး,0
ချမ်းမြေ့လှိုင်,0
ချမ်းမြေ့ဝင်း,0
ချမ်းမြေ့သူ,0
ချမ်းမြေ့သူသူကျော်,1
ချမ်းမြေ့အေး,0
ချမ်းမြေ့အောင်,0
ချမ်းမွန်နိုင်,0
ချမ်းလင်းသူ,0
ချယ်ရီကျင်,1
ချယ်ရီခိုင်,1
ချယ်ရီနှင်း,1
ချိမ့်စန္ဒီလတ်,1
ချိုချိုသင်း,1
ချိုစန္ဒာသင်း,1
ချိုဇင်ထိုက်,1
ချိုထွဋ်ဝင်း,1
ချိုထွန်းအောင်,1
ချိုနွယ်ဦး,1
ချိုနီလာဖြိုး,1
ချိုပြေတီ,1
ချိုမာလွင်,1
ချိုမာဦး,1
ချိုသက်မွန်,1
ချိုသဉ္ဇာဝင်း,1
ချောကလျာငြိမ်း,1
ချောချောစုမွန်,1
ချောငယ်ငယ်ကျော်,1
ချောစုညိမ်း,1
ချောစုနှင်း,1
ချောစုပိုင်,1
ချောစုရတနာခင်,1
ချောစုလှိုင်,1
ချောစုဝေ,1
ချောစုသွင်,1
ချောစုသွယ်,1
ချောစုဟန်,1
ချောဆင့်ဆင့်အိ,1
ချောဆွေဇင်သွယ်,1
ချောရတနာမိုး,1
ချောသက်မြတ်,1
ချောသဇင်ဝတ်မှုံသိန်း,1
ချောသဇင်ဦး,1
ချောသဥ္ဇာထက်,1
ချောအိဇင်,1
ခရေအောင်,1
ခြူးစန္ဒီကျော်,1
ခြူးစိမ့်သူ,1
ခြူးနေခြည်ထက်စံ,1
ခြူးမျက်ချယ်,1
ခြူးမြတ်သွယ်,1
ခြူးမွန်,1
ခြူးမီမီကျော်,1
ခြူးရတနာလှိုင်,1
ခြူးရွှေစင်ငြိမ်း,1
ခြူးဝတ်မှုံ,1
ခြူးသင်းကြည်,1
ခြူးအိန္ဒြေခိုင်,1
ခွန်ခန့်လွင်ထွန်း,0
ခွန်စိုးသန့်ဦး,0
ခွန်းဆက်,0
ခွန်းဆက်လင်း,0
ခွန်ဆွေပန်း,0
ခွန်ထွန်းဦး,0
ခွန်မင်းသိုက်,0
ခွန်ရန်နိုင်,0
ခွန်အောင်ထွဋ်ကျော်,0
ခွါညိုသင်း,1
ခိုင်ကေဇင်ဦး,1
ခိုင်ငြိမ်းထွန်း,1
ခိုင်စံပယ်ဝင်း,1
ခိုင်စွမ်းအောင်,1
ခိုင်စုသိမ်း,1
ခိုင်ဆွဇေင်သန့်,1
ခိုင်ဆွေဆွေအောင်,1
ခိုင်ဆုစံ,1
ခိုင်ဆုရည်,1
ခိုင်ဆုရည်သိန်း,1
ခိုင်ဆုဝေ,1
ခိုင်ဆုသွယ်,1
ခိုင်ဇင်ထက်,1
ခိုင်ဇင်ထွန်း,1
ခိုင်ဇင်မြတ်,1
ခိုင်ဇင်သော်,1
ခိုင်ဇာမွန်,1
ခိုင်ဇာလွင်,1
ခိုင်ဇာသွယ်,1
ခိုင်တင်ဇာနွယ်,1
ခိုင်ထက်ဝင်း,1
ခိုင်နွယ်ဇင်,1
ခိုင်နွယ်နွယ်ထွန်း,1
ခိုင်နှင်းဝေ,1
ခိုင်ပန်းညို,1
ခိုင်ပြည့်ပြည့်ဖြိုး,1
ခိုင်ပိုးပိုးသူ,1
ခိုင်မဉ္ဇူစိုး,1
ခိုင်မမ,1
ခိုင်မြင့်မြတ်,1
ခိုင်မြတ်စိုး,1
ခိုင်မွန်ကျော်,1
ခိုင်မွန်သန့်,1
ခိုင်မာဝေ,1
ခိုင်မီမီတင်,1
ခိုင်မူယာလင်း,1
ခိုင်ယဥ်မွန်,1
ခိုင်ရတနာလင်း,1
ခိုင်ရွေဝါဝင်း,1
ခိုင်ရီမွန်သွင်,1
ခိုင်ရီဝေ,1
ခိုင်လွန်,1
ခိုင်ဝတ်ရည်,1
ခိုင်ဝတ်ရည်ထွန်း,1
ခိုင်ဝါထွန်း,1
ခိုင်ဝါဝါလင်း,1
ခိုင်ဝေဦး,1
ခိုင်သက်ဇင်,1
ခိုင်သဇင်,1
ခိုင်သဇင်ကျော်,1
ခိုင်သဇင်ထွန်း,1
ခိုင်သဇင်မွန်,1
ခိုင်သဇင်ဝင်း,1
ခိုင်သဇင်အောင်,1
ခိုင်သဇင်ဦး,1
ခိုင်သန္တာမျိုး,1
ခိုင်သဥ္ဇာဝင်း,1
ခေတ်ရောင်စဥ်,1
ဂျွန်ခန့်ကိုကို,0
ဂျွန်လွင်သီဟ,0
ဂျူးဂျူးမေကျော်,1
ဂျူးဂျူးဟန်နီ,1
ဂျူးစန္ဒာထွန်း,1
ဂျူးမေပန်သန့်,1
ဂျူလိုင်တင်ထွန်း,1
ဂျူလိုင်မျိုး,1
ဂျူလိုင်မိုး,1
ဂျူလိုင်အောင်,1
ဂျူလိုင်အောင်ဝင်း,1
ဂျူးသက်ချယ်ဦး,1
ငယ်ငယ်ဇော်မင်း,1
ငြိမ်းကလျာကျော်,1
ငြိမ်းကိုမင်း,0
ငြိမ်းချမ်းစိုး,0
ငြိမ်းချမ်းဇင်,0
ငြိမ်းချမ်းလွင်,0
ငြိမ်းချမ်းအောင်,0
ငြိမ်းငြိမ်းယဥ်,1
ငြိမ်းငြိမ်းအိ,1
ငြိမ်းစုခိုင်,1
ငြိမ်းစုသွယ်,1
ငြိမ့်ဆက်ရွယ်,1
ငြိမ်းဆုသာ,1
ငြိမ်းထက်စည်သူ,0
ငြိမ်းဖူးဖူးသန့်,1
ငြိမ်းမင်းထက်,0
ငြိမ်းမြင့်မြင့်အောင်,1
ငြိမ်းမြတ်ကို,0
ငြိမ်းဝင့်ထည်ဝါ,1
ငြိမ်းဝတ်ရည်ရွှန်း,1
ငြိမ်းဝေယံသူ,0
ငြိမ်းသီရိဖြိုး,1
ငြိမ်းအိဝေ,1
ငြိမ်းအိအိထွန်း,1
ငွေကြည်စန်း,1
ငွေကြယ်စင်မှူး,1
ငွေဇင်ယု,1
ငွေလဝန်း,1
ငုလွင်ဟန်,1
ငုဝါခိုင်,1
ငုဝါလွင်,1
ငုဝါလှိုင်,1
ငုဝါဝါတင်,1
စင်သီယာ,1
စင်သီယာခင်သဇင်ထွေး,1
စစ်ငြိမ်းအောင်,0
စစ်နိုင်ထွန်း,0
စစ်မှူးအောင်,0
စံဇာနည်,0
စည်ဝေဖြိုး,0
စည်သူ,0
စည်သူထင်,0
စည်သူနိုင်,0
စည်သူနိုင်မိုး,0
စည်သူရနိုင်,0
စည်သူလင်းထိုက်,0
စည်သူလွင်,0
စည်သူလှိုင်,0
စည်သူဝင်း,0
စည်သူဟန်ထွန်း,0
စည်သူအောင်,0
စံထွန်းလှ,0
စံထွန်းအောင်,0
စံထွန်းဦး,0
စနိုးငယ်ငယ်ဇော်,1
စန္ဒာငြိမ်း,1
စန္ဒာထွန်းမောင်,1
စန္ဒာမြင့်,1
စန္ဒာဝင်း,1
စန္ဒာသင်းသင်းလဲ့,1
စန္ဒာအောင်,1
စန္ဒာဦး,1
စန္ဒီပြည့်ဦး,1
စန္ဒီမင်း,1
စန္ဒီမမ,1
စန္ဒီမျိုးထွဋ်,1
စန်းချယ်ရီမိုး,1
စန်းဆုဆုရည်,1
စန်းယုကျော်,1
စန်းယုမေ,1
စန်းယုမော်,1
စန်းယုဝေ,1
စန်းလွင်ဇင်,0
စန်းလွင်ဦး,0
စန်းလှအောင်,0
စန်းဝင်းထွန်း,0
စန်းဝင်းမောင်,0
စန်းသာကျော်,0
စန်းသီတာ,1
စန်းသီဟ,0
စံပယ်ငြိမ်းချမ်း,1
စပယ်အောင်,1
စပါယ်ထွန်း,1
စံမင်းအောင်,0
စမြတ်သင်းဇော်,0
စမ်းယုလှိုင်,1
စမ်းရေကြည်,1
စမ်းသော်တာ,1
စံရွှေမောင်,0
စလင်းဝါ,1
စံဝင်းဖြိုး,0
စွမ်းထက်,0
စွမ်းထက်မင်းစိုး,0
စွမ်းထက်ရှိန်,0
စွမ်းထက်အောင်,0
စွမ်းမိုးထက်,0
စွမ်းဝေယံကျော်,0
စွမ်းသုတကို,0
စိန်ဝင်းအောင်,0
စိန်အောင်မင်း,0
စိမ့်စိမ့်သူ,1
စိမ့်ဇာခြည်ထွန်း,1
စိမ်းမြဖြူ,1
စိမ့်ဝါဝါအောင်,1
စိမ့်သဉ္ဇာထက်,1
စိုးကျော်သူ,0
စိုးကလျာနိုင်,1
စိုးကိုကို,0
စိုင်းကျော်ထင်,0
စိုင်းကျော်မြင့်,0
စိုင်းကျော်လှ,0
စိုင်းကျော်ဝင်း,0
စိုင်းကျော်အေး,0
စိုင်းခင်အောင်,0
စိုင်းချစ်ချစ်,0
စိုင်းစည်သူအောင်,0
စိုင်းစံထွန်း,0
စိုင်းစံအေး,0
စိုင်းစိုင်းခမ်းလှိုင်,0
စိုင်းစိုးမြင့်,0
စိုင်းတင်မြင့်,0
စိုင်းထွန်းအောင်,0
စိုင်းနန္ဒာ,0
စိုင်းပြည့်စုံသူ,0
စိုင်းပြည့်ဟိန်း,0
စိုင်းဗိုလ်ဗိုလ်,0
စိုင်းမြင့်သိန်း,0
စိုင်းမြတ်စိုး,0
စိုင်းမောင်မောင်ဇော်,0
စိုင်းလင်းသူ,0
စိုင်းဝေထွန်း,0
စိုင်းသန်းဝင်း,0
စိုင်းသိန်းအောင်,0
စိုင်းသီဟ,0
စိုင်းသူရိန်,0
စိုင်းအောင်ကျော်,0
စိုင်းအောင်ညွန့်,0
စိုင်းအောင်ထွန်း,0
စိုင်းအောင်မြင့်,0
စိုင်းအောင်လှ,0
စိုင်းအောင်ဝင်း,0
စိုင်းအောင်သိန်း,0
စိုးစန္ဒာမိုး,1
စိုးစန္ဒာဦး,1
စိုးစန္ဒီ,1
စိုးစိုးမာ,1
စိုးစိုးမူ,1
စိုးစိုးမေ,1
စိုးညွန့်အောင်,0
စိုးညီညီ,0
စိုးတင့်အောင်,0
စိုးထက်ဇော်,0
စိုးထွတ်အောင်,0
စိုးနန္ဒာ,1
စိုးနွယ်နီအောင်,1
စိုးနှင်းဦး,1
စိုးနိုင်ထွန်း,0
စိုးနိုင်ဝင်း,0
စိုးနိုင်ဦး,0
စိုးနုဝေ,1
စိုးပြည့်စုံအောင်,0
စိုပြေမိုးမြင့်,0
စိုးပိုင်,0
စိုးပိုင်ထွန်း,0
စိုးပိုင်ဖြိုး,0
စိုးပိုင်လင်း,0
စိုးမင်းထွန်း,0
စိုးမင်းသန့်,0
စိုးမင်းသူရ,0
စိုးမင်းဟန်,0
စိုးမင်းအောင်,0
စိုးမင်းဦး,0
စိုးမြင့်ဦး,0
စိုးမြတ်မင်း,0
စိုးမြတ်လွင်,0
စိုးမြတ်သူ,0
စိုးမိုးကျော်,0
စိုးမိုးနိုင်,0
စိုးမိုးသူ,0
စိုးမိုးအောင်,0
စိုးမိုးဦး,0
စိုးယံထက်,0
စိုးယုနိုင်,1
စိုးယုမော်,1
စိုးရဲအောင်,0
စိုးလင်းထွန်း,0
စိုးလင်းနိုင်,0
စိုးလင်းအောင်,0
စိုးလွင်လွင်ထွန်း,0
စိုးလွင်ဦး,0
စိုးလှိုင်,0
စိုးလှိုင်ဝင်း,0
စိုးဝင်းထက်,0
စိုးဝင်းထွန်း,0
စိုးဝင်းမောင်,0
စိုးဝင်းအောင်,0
စိုးဝတ်ရည်,1
စိုးဝေ,0
စိုးသက်အောင်,0
စိုးသက်ဦး,0
စိုးသန္တာလွင်,1
စိုးသိန်းထွန်း,0
စိုးသိမ့်သိမ့်ဝင်း,1
စိုးသီရိဇော်,1
စိုးသီရိလွင်,1
စိုးသီဟ,0
စိုးသီဟကျော်,0
စိုးသူရနိုင်,0
စိုးသူအောင်,0
စိုးဟေမာ,1
စိုးအာကာထွန်း,0
စိုးအိအိနိုင်,1
စီစီသော်,1
စုခိုင်လွင်,1
စုငယ်ငယ်ကျော်,1
စုစန္ဒီမျိုး,1
စုစန္ဒီလင်း,1
စုစန္ဒီဝင်း,1
စုစုခင်,1
စုစုခိုင်,1
စုစုစံ,1
စုစုဇင်မြတ်,1
စုစုထက်အောင်,1
စုစုမေ,1
စုစုအောင်,1
စုဇင်ကျော်,1
စုထက်အောင်,1
စုဒါလီထွေး,1
စုနန္ဒာ,1
စုနန္ဒာလင်း,1
စုနန္ဒာအောင်,1
စုပြည့်စုံဦး,1
စုပြည့်ဝင်း,1
စုမြင့်မိုရ်ခင်,1
စုမြတ်ထက်,1
စုမြတ်ထွေး,1
စုမြတ်နန္ဒာဦး,1
စုမြတ်နွယ်,1
စုမြတ်နှင်း,1
စုမြတ်နိုး,1
စုမြတ်နိုးခင်,1
စုမြတ်နိုင်,1
စုမြတ်နိုးအောင်,1
စုမြတ်နိုးဦး,1
စုမြတ်ပွင့်ဖြူ,1
စုမြတ်ဖြိုးဝေ,1
စုမြတ်မြတ်ကို,1
စုမြတ်မွန်,1
စုမြတ်ရတနာမျိုး,1
စုမြတ်ရတနာလင်း,1
စုမြတ်လင်း,1
စုမြတ်လှိုင်,1
စုမြတ်ဝေ,1
စုမြတ်သဉ္ဇာနှင်း,1
စုမြတ်သန်းလွင်အောင်,1
စုမြတ်သွင်,1
စုမြတ်သူ,1
စုမြတ်အေး,1
စုမွန်ကျော်,1
စုရတနာ,1
စုရတီဝင့်,1
စုရီမွန်,1
စုလှဖြူ,1
စုလှိုင်ကျော်,1
စုလှိုင်သန့်,1
စုလေးနွယ်,1
စုလဲ့ကျော်,1
စုလဲ့နန္ဒာ,1
စုလဲ့ယဉ်,1
စုဝတီထက်,1
စုဝတ်ရည်အောင်,1
စုဝေဖြိုး,1
စုသက်မွန်,1
စုသဉ္ဇာအေး,1
စုသန္တာလွင်,1
စုသန္တာအောင်,1
စုသဲအောင်,1
စောကျော်အေး,0
စောကျော်အောင်,0
စောစန္ဒာနှင်း,1
စောစုအဲ့,1
စောဆန်းသစ်,0
စောတင်ဝင်း,0
စောထွန်းအောင်,0
စောထွန်းဦး,0
စောနွဲ့သန်းစိန်,1
စောနိုင်တိုးအောင်,0
စောနီသောဂေး,0
စောနေမျိုးအောင်,0
စောပြည့်ရတနာ,1
စောပြည့်ဝင်း,1
စောမာလာဝင်း,1
စောယဉ်ဝေမွန်,1
စောယွန်းနွယ်,1
စောယုနွယ်,1
စောယုမွန်,1
စောရန်နိုင်,0
စောရူပါကျော်,1
စောရဲရင်နောင်,0
စောရဲလင်းနိုင်,0
စောလွင်ဦး,0
စောလွှမ်းမိုးမြင့်,0
စောဝင်းအောင်,0
စောဝေလမင်း,0
စောသင်္ကြန်ဦး,0
စောအယ်ဆဲဆဲ,0
စောအာကာဖြိုး,0
စောအောင်ကိုကိုထွန်း,0
စောအောင်မြင့်သူ,0
စောအောင်ဝင်းခန့်,0
ဆက်ကောင်းစံ,0
ဆက်ပိုင်ထူး,0
ဆက်ရှိန်လင်း,0
ဆက်လက်အောင်,0
ဆက်အိန္ဒြေမော်ထွန်း,1
ဆင့်သူသူဟန်,1
ဆန်းချိုနိုင်,1
ဆန်းဆန်းညွန့်,1
ဆန်းပပနွယ်,1
ဆန်းမြတ်အိန္ဒြေ,1
ဆန်းရော့အောင်,0
ဆန်းဝင်းအောင်,0
ဆန်းသစ်လ,1
ဆွေဆွေမာ,1
ဆွေဆွေမော်,1
ဆွေဇင်ထွန်း,1
ဆွေဇင်ဖြိုး,1
ဆွေဇင်ဝင်း,1
ဆွေဇင်သော်,1
ဆွေဇင်ဟန်,1
ဆွေဇင်အိ,1
ဆွေဇင်အေး,1
ဆွေယမင်းဦး,1
ဆွေရည်ထွန်း,1
ဆွေလင်းထက်,0
ဆွေလဲ့နန္ဒာ,1
ဆုကေဇင်ညိမ်း,1
ဆုကောင်းဆက်,1
ဆုစန္ဒာဖြိုး,1
ဆုစန္ဒီထွန်း,1
ဆုစန္ဒီဗိုလ်,1
ဆုစန္ဒီအောင်,1
ဆုဆုရွှေစင်ဝင်း,1
ဆုဆုသက်ဇော်,1
ဆုနဒီယွန်း,1
ဆုန်မေသျှံ,1
ဆုပန်စင်,1
ဆုပန်ထွာ,1
ဆုပန်ရွှေ,1
ဆုပန်ရွှေရည်မြင့်,1
ဆုပန်းအိမ်,1
ဆုပြည့်စုံ,1
ဆုပြည့်စုံ,1
ဆုပြည့်စုံသူ,1
ဆုပြည့်စုံအောင်,1
ဆုပြည့်နန္ဒာ,1
ဆုပြည့်ပြည့်စုံ,1
ဆုပြည့်ပြည့်မာ,1
ဆုပြည့်ပြည့်သော်,1
ဆုပြည့်လင်း,1
ဆုပြည့်လှိုင်,1
ဆုပြည့်သန္တာ,1
ဆုပိုပိုလင်းကျော်,1
ဆုပိုလွင်,1
ဆုမင်းထက်,0
ဆုမြတ်,1
ဆုမြတ်ကျော်,1
ဆုမြတ်စန္ဒီထွန်း,1
ဆုမြတ်စိုး,1
ဆုမြတ်ဆည်းဆာ,1
ဆုမြတ်တင်ဦး,1
ဆုမြတ်ထက်,1
ဆုမြတ်ထွန်း,1
ဆုမြတ်နွယ်,1
ဆုမြတ်နိုး,1
ဆုမြတ်နိုးအောင်,1
ဆုမြတ်မြတ်မွန်,1
ဆုမြတ်မွန်,1
ဆုမြတ်မောင်,1
ဆုမြတ်မော်,1
ဆုမြတ်ရတနာ,1
ဆုမြတ်လွင်,1
ဆုမြတ်လှိုင်,1
ဆုမြတ်သန္တာထိုက်,1
ဆုမြတ်သီရိ,1
ဆုမြတ်အောင်,1
ဆုမွန်ကျော်,1
ဆုမွန်ခိုင်,1
ဆုမွန်ထွေး,1
ဆုမွန်နိုင်,1
ဆုမွန်ပြည့်,1
ဆုမွန်မွန်ကျော်,1
ဆုမွန်သက်,1
ဆုမွန်အောင်,1
ဆုမိုးရှင်,1
ဆုမော်သူ,1
ဆုယမင်း,1
ဆုယမင်းဇော်,1
ဆုရည်ထက်,1
ဆုရည်နန္ဒာ,1
ဆုရည်နှင်း,1
ဆုရည်နိုင်,1
ဆုရည်ပိုင်,1
ဆုရည်မောင်,1
ဆုရည်ဝင်း,1
ဆုရည်ဝန်းလင်း,1
ဆုရတနာ,1
ဆုရတီကျော်,1
ဆုရွှဇေင်သိန်း,1
ဆုရွှန်းလဲ့,1
ဆုလင်းမြတ်,1
ဆုလာဘ်နိုင်,1
ဆုလာဘ်ဝင်း,1
ဆုလာဘ်ဝေ,1
ဆုလဲ့နန္ဒာ,1
ဆုလဲ့ဖြိုး,1
ဆုလဲ့ဖြူ,1
ဆုဝင်းနွယ်,1
ဆုဝင်းဝါ,1
ဆုဝတ်ရည်နိုင်,1
ဆုဝေနှင်း,1
ဆုဝေဖြိုး,1
ဆုဝေဝင်း,1
ဆုသဇင်ကျော်,1
ဆုသဒ္ဒါဦး,1
ဆုသဥ္ဇာ,1
ဆုသိမ့်စံလင်း,1
ဆုသီရိပိုင်,1
ဆုသူဇာကိုကို,1
ဆုအိဖြိုး,1
ဆုအိမ်ခ,1
ဆုအောင်,1
ဆုဦးမွန်,1
ဆူးရွက်ဖြူ,1
ဆူးလပ်စိုး,1
ဆောင်းနှင်းအိမ်,1
ဆောင်းနှင်းအေး,1
ဆောင်းဖြူနွယ်ထွန်းနိုင်,1
ဆောင်းယွန်းစံ,1
ဆောင်းယုဝါမင်း,1
ဆောင်းသစ်ဦး,1
ဆောင်းသဇင်ဦး,1
ဆောင်းဦးမြင့်,1
ဆောင်းဦးမေ,1
ဆောင်းဦးမောင်,0
ဆောင်းဦးသွယ်,1
ဇင်ကိုကိုအောင်,0
ဇင်ကိုသန့်,0
ဇင်ကိုဟိန်း,0
ဇင်ငြိမ်းချမ်း,0
ဇင်ဇင်စိုး,1
ဇင်ဇင်ဇော်,1
ဇင်ဇင်ဇော်မြင့်,1
ဇင်ဇင်ထွန်း,1
ဇင်ဇင်ဖြိုး,1
ဇင်ဇင်သိမ့်,1
ဇင်ဇင်အေးအောင်,1
ဇင်ဇင်အောင်,1
ဇင်ဇော်မင်း,0
ဇင်ညိုဌေး,0
ဇင်ထူးပိုင်,0
ဇင်နွယ်နွယ်ထွဏ်း,1
ဇင်နွယ်ဝေ,1
ဇင်နှင်းဝေ,1
ဇင်ပြည့်ဖြိုးနိုင်,0
ဇင်ပွင့်ဖြူ,1
ဇင်ပိုင်ဦး,0
ဇင်ဖြိုးဝေ,0
ဇင်ဖြူဖြူလွင်,1
ဇင်ဘိုဘို,0
ဇင်မင်းကို,0
ဇင်မင်းထွတ်,0
ဇင်မင်းထွန်း,0
ဇင်မင်းထိုက်,0
ဇင်မင်းသူ,0
ဇင်မင်းသူဇာထွန်း,1
ဇင်မင်းဟိန်း,0
ဇင်မင်းအောင်,0
ဇင်မင်းဦး,0
ဇင်မျိုးထွန်း,0
ဇင်မျိုးသူ,0
ဇင်မြတ်မွန်ကျော်,1
ဇင်မွန်မြင့်,1
ဇင်မာခိုင်,1
ဇင်မာစိုး,1
ဇင်မာထွန်း,1
ဇင်မာထွေး,1
ဇင်မာဖြိုး,1
ဇင်မာမျိုး,1
ဇင်မာမာသိန်း,1
ဇင်မာလွင်,1
ဇင်မာဝေ,1
ဇင်မာအောင်,1
ဇင်မာဦး,1
ဇင်မိမိအောင်,1
ဇင်မိုးကျော်,0
ဇင်မိုးထွေး,0
ဇင်မို့မို့,1
ဇင်မိုးမိုးထက်,1
ဇင်မိုးမိုးလှိုင်,1
ဇင်မီမီကျော်,1
ဇင်မီမီကို,1
ဇင်မီမီစိုး,1
ဇင်မီမီမြင့်,1
ဇင်မေအောင်,1
ဇင်မေဦး,1
ဇင်ယုထက်,1
ဇင်ယုနိုင်,1
ဇင်ယော်,0
ဇင်လင်းထက်,0
ဇင်လင်းမောင်,0
ဇင်လင်းသူ,0
ဇင်လင်းအောင်,0
ဇင်လင်းဦး,0
ဇင်ဝင့်ထယ်,1
ဇင်ဝင့်ထူး,1
ဇင်ဝင်းမော်,1
ဇင်ဝင်းအေး,1
ဇင်ဝေထွန်း,0
ဇင်ဝေဖြိုး,0
ဇင်သီတာ,1
ဇင်သူတင်စိုး,1
ဇင်သူနိုင်,1
ဇင်သူလှိုင်,1
ဇင်သူသူဖြိုး,1
ဇင်သူသူမြင့်,1
ဇင်သူသူအောင်,1
ဇင်အောင်သန့်,0
ဇန်ဇန်ခင်စိုး,1
ဇွန်ငြိမ်းနွေး,1
ဇွန်ပြည့်စုံ,0
ဇွန်ပွင့်ဖြူ,1
ဇွန်မြတ်သူ,0
ဇွန်မြတ်အောင်,0
ဇွန်မာခိုင်,1
ဇွန်မို့မို့စိန်,1
ဇွန်မိုးသူလင်း,0
ဇွန်လှိုင်ဝင်း,0
ဇွန်သက်ဖြိုး,0
ဇွန်သဲဦး,1
ဇွဲခန့်ဇော်,0
ဇွဲစံမြတ်,0
ဇွဲစုစံ,1
ဇွဲဇာနည်ထွန်း,0
ဇွဲဇာနည်အောင်,0
ဇွဲထက်အောင်,0
ဇွဲပြည့်ကျော်,0
ဇွဲပြည့်ဖြိုးဦး,0
ဇွဲမာန်ထွန်း,0
ဇွဲရန်နိုင်,0
ဇွဲသီဟ,0
ဇွဲသူရ,0
ဇာခြည်စိုး,1
ဇာခြည်ထွန်း,1
ဇာခြည်ဖြိုး,1
ဇာခြည်ဖြိုးလဲ့,1
ဇာခြည်မျိုး,1
ဇာခြည်မွန်,1
ဇာခြည်သိမ့်,1
ဇာခြည်သိမ်သိမ့်လင်း,1
ဇာဇာချစ်,1
ဇာဇာထွန်း,1
ဇာဇာလင်းခိုင်,1
ဇာဇာဝင်း,1
ဇာနည်,0
ဇာနည်ထွန်း,0
ဇာနည်မင်းနိုင်,0
ဇာနည်မောင်,0
ဇာနည်ရဲထက်,0
ဇာနည်ရဲရင့်,0
ဇာနည်လင်း,0
ဇာနည်လွင်,0
ဇာနည်ဝါဆိုမျိုးထွန်း,0
ဇာနည်အောင်,0
ဇာမိုးသူ,1
ဇာလွင်ဖြိုး,1
ဇာလီကျော်ကျော်,1
ဇာလီထွန်း,1
ဇာလီလင်းနိုင်,1
ဇီဇဝါဖူး,1
ဇူးဇူးထက်,1
ဇူးဇူးပုံ,1
ဇူးဇူးမေ,1
ဇူးဇူးဝင်း,1
ဇူးဇူးအောင်,1
ဇူးမီမီဦး,1
ဇူလှိုင်ကိုကို,1
ဇူလိုင်ကျော်,1
ဇူလိုင်ထွန်း,1
ဇူလိုင်မိုး,1
ဇေကိုဌေး,0
ဇေစိုးသိန်း,0
ဇေညီအောင်,0
ဇေယျာ,0
ဇေယျာကျော်,0
ဇေယျာခန့်,0
ဇေယျာထွဋ်,0
ဇေယျာထွန်း,0
ဇေယျာပြည့်ဖြိုးလင်း,0
ဇေယျာမင်း,0
ဇေယျာမင်းဟိဏ်း,0
ဇေယျာမောင်,0
ဇေယျာရွှေ,0
ဇေယျာလင်း,0
ဇေယျာလင်းထက်,0
ဇေယျာလွင်,0
ဇေယျာဝင်း,0
ဇေယျာအောင်,0
ဇေယျာဦး,0
ဇေဟံလင်းထက်,0
ဇော်ကိုကို,0
ဇော်ခန့်အောင်,0
ဇော်ဇော်ထွန်း,0
ဇော်ဇော်နိုင်,0
ဇော်ဇော်မိုး,0
ဇော်ဇော်လင်း,0
ဇော်ဇော်လွင်,0
ဇော်ဇော်ဝင်း,0
ဇော်ဇော်အောင်,0
ဇော်ဇော်ဦး,0
ဇော်ညီညီပိုင်,0
ဇော်ထွန်းနိုင်,0
ဇော်ထွန်းအောင်,0
ဇော်ထွန်းဦး,0
ဇော်ထိုက်,0
ဇော်ထူး,0
ဇော်ထူးအောင်,0
ဇော်နိုင်,0
ဇော်နိုင်ဌေး,0
ဇော်နိုင်ထွန်း,0
ဇော်နိုင်ဝင်း,0
ဇော်နိုင်ဦး,0
ဇော်ပိုင်ဟိန်း,0
ဇော်မင်းထက်,0
ဇော်မင်းထွန်း,0
ဇော်မင်းနိုင်,0
ဇော်မင်းလတ်,0
ဇော်မင်းလွင်,0
ဇော်မင်းသိန်း,0
ဇော်မင်းအေး,0
ဇော်မင်းအောင်,0
ဇော်မင်းဦး,0
ဇော်မျိုး,0
ဇော်မျိုးထက်အောင်,0
ဇော်မျိုးထွန်း,0
ဇော်မျိုးထိုက်,0
ဇော်မျိုးနိုင်,0
ဇော်မျိုးလတ်,0
ဇော်မျိုးလွင်,0
ဇော်မျိုးအောင်,0
ဇော်မျိုးဦး,0
ဇော်မြင့်ထွန်း,0
ဇော်မြင့်ဖေ,0
ဇော်မြင့်အောင်,0
ဇော်မြင့်ဦး,0
ဇော်မိုး,0
ဇော်မိုးခိုင်,0
ဇော်မိုးထက်,0
ဇော်မိုးနိုင်,0
ဇော်မိုးလွင်,0
ဇော်မိုးအောင်,0
ဇော်မိုးဦး,0
ဇော်မောင်,0
ဇော်ရဲနိုင်,0
ဇော်လင်း,0
ဇော်လင်းကို,0
ဇော်လင်းထွန်း,0
ဇော်လင်းအောင်,0
ဇော်လင်းဦး,0
ဇော်လွင်ထွန်း,0
ဇော်လွင်ထူး,0
ဇော်လွင်လွင်ထူး,0
ဇော်လွင်ဦး,0
ဇော်လှိုင်ဝင်း,0
ဇော်လေးသန့်,0
ဇော်ဝင်းထွန်း,0
ဇော်ဝင်းနိုင်,0
ဇော်ဝင်းမြင့်,0
ဇော်ဝင်းမောင်,0
ဇော်ဝင်းမော်,0
ဇော်ဝင်းလှိုင်,0
ဇော်ဝင်းသန်း,0
ဇော်ဝင်းသိန်း,0
ဇော်ဝင်းအောင်,0
ဇော်သက်မောင်,0
ဇော်သန်းဦး,0
ဇော်ဦးဟန်,0
ဉာဏ်ထက်ဝင်းမောင်,0
ဉာဏ်ထွန်း,0
ဉာဏ်ထွန်းအောင်,0
ဉာဏ်ပိုင်ချစ်,0
ဉာဏ်ပိုင်ထက်,0
ဉာဏ်မင်း,0
ဉာဏ်မင်းထက်,0
ဉာဏ်မင်းထွန်း,0
ဉာဏ်မင်းသူ,0
ဉာဏ်မြင့်,0
ဉာဏ်လင်း,0
ဉာဏ်လင်းစိုး,0
ဉာဏ်လင်းထက်,0
ဉာဏ်လင်းမြင့်,0
ဉာဏ်လင်းအောင်,0
ညွန့်ညွန့်မေ,1
ညွန့်ညွန့်ဝေ,1
ညိမ့်ဆူးငယ်,1
ညိမ်းပပမိုး,1
ညိုညိုခင်,1
ညိုညိုမာ,1
ညိုညိုရီ,1
ညိုညိုလွင်,1
ညိုညိုအောင်,1
ညီစွမ်းထက်အောင်,0
ညီညာအောင်,0
ညီညီ,0
ညီညီကျော်,0
ညီညီခင်,0
ညီညီစင်လတ်,0
ညီညီစိုး,0
ညီညီဆွေ,0
ညီညီဇော်,0
ညီညီတင်,0
ညီညီထက်အောင်,0
ညီညီထွန်း,0
ညီညီထွေး,0
ညီညီနိုင်,0
ညီညီပြည့်စုံပိုင်,0
ညီညီပြည့်လျှံ,0
ညီညီဖြိုး,0
ညီညီမြင့်,0
ညီညီမောင်,0
ညီညီလင်း,0
ညီညီလင်းထက်,0
ညီညီလတ်,0
ညီညီလွင်,0
ညီညီလှ,0
ညီညီဝင်း,0
ညီညီအောင်,0
ညီထက်အောင်,0
ညီထူးအောင်,0
ညီမင်းထက်,0
ညီမျိုးအောင်,0
ညီမိုးခန့်,0
ညီလင်းထက်,0
ညီဝသုန်ဦး,0
ညီသက်ခိုင်,0
ညီသက်ပိုင်,0
ညီသန့်စိုး,0
ဌေးလွင်ဦး,0
ဌေးဝင်းရွှေ,0
ဌေးဝင့်ဝင့်လှိုင်,1
ဌေးအောင်ကျော်,0
တင်ကိုကိုထွန်း,0
တင်ကိုဝင်း,0
တင်ကိုဦး,0
တင်စိုးဝင်း,0
တင်ဇာခိုင်,1
တင်ဇာဇာ,1
တင်ဇာနည်ဗိုလ်,0
တင်ဇာမိုး,1
တင်ဇာလှိုင်,1
တင်ဇာဝင်း,1
တင်ဇော်မင်း,0
တင်ဇော်ဦး,0
တင့်တင့်စုကြည်ထွန်း,1
တင်ထွဋ်အောင်,0
တင်ထွဋ်ဦး,0
တင်ထွတ်,0
တင်ထွန်းနိုင်,0
တင်ထွန်းဝင်း,0
တင်ထွန်းအောင်,0
တင်ထွန်းဦး,0
တင်ထားဝေ,1
တင်ထူးအောင်,0
တင်နွယ်ရီ,1
တင်နွယ်အေး,1
တင်နွယ်ဦး,1
တင်နိုင်သိန်း,1
တင်နီလာဝင်း,1
တင်နုရီ,1
တင်ဖေဝင်း,0
တင်မျိုးလွင်,0
တင်မျိုးအောင်,0
တင်မြင့်အောင်,0
တင်မြင့်ဦး,0
တင်မြတ်ထွေး,0
တင်မာကြည်,1
တင်မာချို,1
တင်မာထွန်း,1
တင်မာရီ,1
တင်မာဝင်း,1
တင်မာဝေ,1
တင်မာအေး,1
တင်မာဦး,1
တင်မိုးခိုင်,1
တင်မိုးမိုးအေး,1
တင်မေဝင်း,1
တင်မေဦး,1
တင်ယုဝေ,0
တင့်လွင်ရွှေ,0
တင့်လွင်လွင်ဝင်း,0
တင့်လွင်ဦး,0
တင်လှသန်း,0
တင်လှိုင်ဦး,0
တင်လေးနွယ်,1
တင်လေးမြင့်,1
တင်ဝင်းကျော်,0
တင်ဝင်းနိုင်,0
တင်ဝင်းမြင့်,0
တင်ဝင်းမောင်,0
တင်ဝင်းမော်,1
တင်ဝင်းလတ်မိုးနိုင်,0
တင်ဝင်းလှိုင်,0
တင်ဝင်းအောင်,0
တင်ဝင်းဦး,0
တင်ဝေထွန်း,0
တင်သော်တာထွန်း,1
တင်အေးကြည်,1
တင်အေးမူ,1
တင်အေးသန့်,1
တင်ဥမ္မာလှိုင်,1
တလနွန်,0
တွယ်တာဖူး,1
တွယ်တာဖူးငုံ,1
တွယ်တာမြင့်မြတ်,1
တွယ်တာဦး,1
တိမ်လွှာထက်စံ,1
တိုက်တိုင်းအောင်,0
တိုးတက်လင်း,0
တိုးတက်အောင်,0
တိုးတိုးမြင့်,0
တိုးတိုးလွင်,1
တိုးတိုးအောင်,0
တိုးထက်ပိုင်စိုး,0
တိုးရတနာအောင်,1
တေဇာဘုန်းမောင်,0
တော်ဝင်စိုး,0
ထက်ကျော်အောင်,0
ထက်ကိုလင်း,0
ထက်ကိုသာ,0
ထက်ကောင်းခန့်,0
ထက်ခိုင်စိုး,0
ထက်ခိုင်ဇော်,0
ထက်ခိုင်ဖြိုး,0
ထက်ငယ်ငယ်ကို,1
ထက်စန္ဒီမိုး,1
ထက်စုစုထွေး,1
ထက်စုလှိုင်,1
ထက်ဆုဝေ,1
ထက်ဇာမွန်,1
ထက်တေဇအောင်,0
ထက်ထက်ကျော်,1
ထက်ထက်ခိုင်အောင်,1
ထက်ထက်ဇော်,1
ထက်ထက်ထွန်း,1
ထက်ထက်နိုင်,1
ထက်ထက်ဖြိုး,1
ထက်ထက်ဖြိုးအောင်,1
ထက်ထက်မျိုးကြွယ်,1
ထက်ထက်မိုး,1
ထက်ထက်လင်း,1
ထက်ထက်လှိုင်,1
ထက်ထက်ဝင်း,1
ထက်ထက်ဝင်းရွှေ,1
ထက်ထက်ဝတ်ရည်,1
ထက်ထက်အေး,1
ထက်ထက်အေးမင်း,1
ထက်ထက်အောင်,1
ထက်ထက်ဦးဝေ,1
ထက်နိုင်ထူး,0
ထက်နောင်နောင်,0
ထက်ပိုင်ကျော်,0
ထက်ပိုင်အောင်,0
ထက်ပိုင်ဦး,0
ထက်မင်းသူ,0
ထက်မျက်ချယ်,1
ထက်မျိုးမြင့်,0
ထက်မြတ်နိုးဦး,1
ထက်မြတ်မင်း,0
ထက်မြတ်မြတ်လွင်,1
ထက်မြတ်လင်း,0
ထက်မြတ်အောင်,0
ထက်ရတနာဝင်း,1
ထက်ရတီအောင်,1
ထက်ရှား,0
ထက်ရှိုင်းထူး,0
ထက်ရာဇာလင်း,0
ထက်လင်း,0
ထက်လင်းစိုး,0
ထက်လင်းရှိန်,0
ထက်လင်းဝေ,0
ထက်လင်းအောင်,0
ထက်လျှမ်းအောင်,0
ထက်လွင်ဦး,0
ထက်လှိုင်မိုး,0
ထက်လူအောင်,0
ထက်ဝတီနှင်း,1
ထက်ဝတ်ရည်ကျော်,1
ထက်ဝေယံ,0
ထက်ဝေယံနိုင်,0
ထက်ဝေယံလင်း,0
ထက်ဝေယံအောင်,0
ထက်ဝေရှိုင်း,0
ထက်ဝေလင်းအောင်,0
ထက်ဝေလွင်,0
ထက်ဝေဝေအောင်,1
ထက်သဇင်တိုက်သိန်း,1
ထက်သီရိတင်,1
ထက်သီရိနိုင်,1
ထက်သူရ,0
ထက်သူရကိုကို,0
ထက်အာကာကျော်,0
ထက်အာကာမင်း,0
ထက်အာကာမောင်,0
ထက်အိန္ဒြာလင်း,1
ထက်အေမီလင်း,1
ထက်အောင်,0
ထက်အောင်ကျော်,0
ထက်အောင်လင်း,0
ထက်အောင်လွင်,0
ထက်အောင်လှိုင်,0
ထက်အောင်ဦး,0
ထက်ဦးဝေ,1
ထက်ဧကရီကျော်,1
ထက်ဧရာထွန်း,1
ထင်ကျော်,0
ထင်ကျော်ဦး,0
ထင်ဇော်,0
ထင်ရှားအောင်,0
ထင်လင်း,0
ထင်လင်းကျော်,0
ထင်လင်းသော်,0
ထင်လင်းအောင်,0
ထင်အောင်ကျော်,0
ထွဋ်မြတ်လင်း,0
ထွဋ်လင်းနိုင်,0
ထွဋ်အောင်ဝေ,0
ထွန်းထက်ထက်အောင်,1
ထွန်းထက်လင်း,0
ထွန်းထွန်းကျော်,0
ထွန်းထွန်းထွေး,0
ထွန်းထွန်းလှိုင်,0
ထွန်းထွန်းဦး,0
ထွန်းနိုင်,0
ထွန်းနိုင်ဝင်း,0
ထွန်းနိုင်အေး,0
ထွန်းနိုင်ဦး,0
ထွန်းနောင်,0
ထွန်းမင်းလှိုင်,0
ထွန်းမြင့်နိုင်,0
ထွန်းမြင့်အောင်,0
ထွန်းမြင့်ဦး,0
ထွန်းရင်ဦး,0
ထွန်းရွှေသွေး,0
ထွန်းလင်းအောင်,0
ထွန်းလင်းဦး,0
ထွန်းလွင်ဦး,0
ထွန်းလှအောင်,0
ထွန်းလှဦး,0
ထွန်းဝတီလင်း,1
ထွန်းဝေကျော်,0
ထွန်းသီရိဝေ,1
ထွန်းအေးကျော်,0
ထွန်းအေးမောင်,0
ထွန်းအောင်ကျော်,0
ထွန်းအောင်မြင့်,0
ထွန်းအောင်လွင်,0
ထွန်းအောင်သာ,0
ထွေးထွေးခိုင်,1
ထွေးထွေးစု,1
ထွေးထွေးညွန့်,1
ထွေးထွေးမြင့်,1
ထွေးထွေးရီ,1
ထွေးထွေးလှ,1
ထွေးထွေးဝင်း,1
ထားထားခိုင်,1
ထားထားနွယ်,1
ထားထားမြင့်,1
ထားထားရီ,1
ထားထားလွင်,1
ထားထားဝင်း,1
ထားထားအေး,1
ထားရီ,1
ထားအိရွှရေည်,1
ထားအိဝေ,1
ထိန်လင်းအောင်,0
ထူးခန့်ကျော်,0
ထူးစံမြဲ,0
ထူးဇော်အောင်,0
ထူးထက်အောင်အောင်,0
ထူးထူးကြည်,1
ထူးထူးစံ,0
ထူးထူးလှိုင်,0
ထူးထူးအောင်,0
ထူးနန္ဒာကျော်ဝင်း,1
ထူးပြည့်စုံခင်,1
ထူးမြတ်မြတ်လင်း,1
ထူးယမုံဦး,1
ထူးရန်နောင်ခန့်,0
ထူးလင်းထက်,0
ထူးဝတီလင်း,1
ထူးဝေခန့်,0
ထူးသန့်ကို,0
ထူးသျှန်မင်းသန့်,0
ထူးသာ,0
ထူးဟိန်းထက်,0
ထူးအယ်လင်း,0
ထူးအာကာကျော်,0
ထူးအိမ်လွင်,0
ထူးအောင်,0
ထူးအောင်လင်း,0
ထူးအောင်လွင်,0
ဒွေးလင်း,0
ဒါလီကိုကို,1
ဒါလီအောင်,1
ဒေလီနေနွယ်ဝင်း,1
ဒေဝီ,1
နဒီစံ,1
နဒီရွှရေည်နှင်း,1
နဒီလင်းလတ်,1
နဒီလှိုင်,1
နနန္ဒာထွန်း,1
နန္ဒကျော်စွာ,1
နန္ဒစိုး,0
နန္ဒစိုင်း,1
နန္ဒအောင်,0
နန္ဒာခင်,1
နန္ဒာခင်လတ်,1
နန္ဒာမြင့်လတ်,1
နန္ဒာမိုး,1
နန္ဒာရွှေစင်,1
နန္ဒာလှိုင်,1
နန္ဒာဝင်း,1
နန္ဒာဝင်းမင်း,1
နန္ဒာဝေ,1
နန္ဒာအေး,1
နန္ဒာအေးနိုင်,1
နန္ဒာအောင်,1
နန္ဒာအောင်သန်း,1
နန္ဒာဦး,1
နန်းကျောက်တော်,1
နန်းကေသီမျိုး,1
နန်းခင်ကြည်,1
နန်းခင်ညွန့်,1
နန်းခင်ထွေး,1
နန်းခင်မြင့်,1
နန်းခင်မြရွှေ,1
နန်းခင်မေ,1
နန်းခင်သက်ထား,1
နန်းခင်သက်ထားဆွေ,1
နန်းခင်အေး,1
နန်းခမ်းကြည်,1
နန့်ချိုမီမြတ်ကျော်,1
နန်းခိုင်ဇာသွယ်,1
နန့်ငြိမ်းထက်ထက်ဦး,1
နန်းငွေကြူ,1
နန်းစန္ဒာမိုး,1
နန်းဆုပြည့်မျိုးထွန်း,1
နန်းဇာနည်ကျော်,1
နန်းတင်တင်အေး,1
နန်းထက်ထက်လှိုင်,1
နန်းဒေဝီ,1
နန်းနန်းထိုက်,1
နန်းနုနုလှိုင်,1
နန်းနေခြည်ဦး,1
နန်းပြည့်ငြိမ်းသာ,1
နန်းပွင့်ရွှေရီဖူး,1
နန့်ဖြူစပယ်ထွန်း,1
နန့်ဖူးပွင့်ဖြိုး,1
နန်းမြစင်သစ်,1
နန်းမြမိုစံ,1
နန်းမြသက်ခိုင်,1
နန်းမြအေး,1
နန်းမိငယ်,1
နန်းရင်ငြိမ်းအေး,1
နန်းရတနာထွန်း,1
နန်းရတနာလင်း,1
နန်းရွှေကြည်,1
နန်းရွှေခင်,1
နန်းရွှေရည်,1
နန်းလင်းလင်းထွန်း,1
နန်းလှခင်,1
နန်းလှယုန်,1
နန်းလှိုင်နန်းနွယ်,1
နန်းဝေလွင်ဖြိုး,1
နန်းသဇင်မွှေး,1
နန်းသဒ္ဓါကြည်စင်,1
နန်းသန်းထွေး,1
နန်းသိင်္ဂီ,1
နန်းသိင်္ဂီသွယ်,1
နန်းသိန်းသိန်းဟန်,1
နန်းသိန်းဟန်,1
နန်းသီတာလှိုင်,1
နန်းသီတာဝင်း,1
နန်းသူဇာ,1
နန်းဟေသီအောင်,1
နန်းအိန္ဒြေဝန်,1
နန်းအိလှိုင်,1
နန်းအိဝါ,1
နန်းအေးကြည်,1
နန့်အေးမင်းမင်းဆန်း,1
နန်းအေးမြ,1
နမ့်လင်းယမုန်ထွန်း,1
နဝရတ်ဖြိုး,1
နွယ်ကြည်ဇင်,1
နွယ်နွယ်ထွန်း,1
နွယ်နွယ်အေး,1
နွယ်နီစိုး,1
နွယ်နီထွန်း,1
နွယ်နီလွင်,1
နွယ်နီလှိုင်,1
နွယ်နီဝင်း,1
နွယ်နီသန်း,1
နွယ်နီအိကျော်,1
နွယ်နီအေး,1
နွယ်နီအောင်,1
နွယ်နီဦး,1
နွယ်ရီအောင်,1
နွယ်သဇင်,1
နွယ်အေးထွန်း,1
နွေးစင်္တာဦး,1
နွေးဆုလာဘ်,1
နွေဇင်အိ,1
နွေးထွေးနိုင်,1
နွေးနန္ဒာသူ,1
နွေးနွေးကျော်,1
နွေးနွေးဇော်ဝင်း,1
နွေးနွေးပြုံးမောင်,1
နွေးနွေးလွင်,1
နွေးနွေးလှိုင်,1
နွေးနွေးအောင်,1
နွေလဝန်းလေး,1
နွေသင်္ကြန်မိုးဦး,1
နွေဦးဉာဏ်မင်း,1
နွဲ့နွဲ့စန်း,1
နွဲ့နွဲ့ယဉ်,1
နွဲ့နွဲ့ရီ,1
နှင်းချယ်ရီဝင်း,1
နှင်းချိုဇင်,1
နှင်းစန္ဒာစိုး,1
နှင်းစုခိုင်,1
နှင်းစုလှိုင်,1
နှင်းဆီအောင်,1
နှင်းထက်ထက်ဇော်,1
နှင်းထက်ထက်ဝေ,1
နှင်းထက်လှိုင်,1
နှင်းနဒီဆောင်း,1
နှင်းနန္ဒာလင်း,1
နှင်းနွယ်စိုး,1
နှင်းနွယ်မိုး,1
နှင်းနွယ်အေး,1
နှင်းနွယ်ဦး,1
နှင်းနှင်ခိုင်,1
နှင်းနှင်းရီ,1
နှင်းနှင်းဝေ,1
နှင်းနှင်းအိလှိုင်,1
နှင်းနှင်းအေး,1
နှင်းနှင်းဦး,1
နှင်းနုခိုင်,1
နှင်းနုလွင်,1
နှင်းနုဝင်း,1
နှင်းနုဝေ,1
နှင်းပွင့်ခိုင်,1
နှင်းပွင့်ဖြူ,1
နှင်းပွင့်ဖြူ,1
နှင်းပွင့်မေဦး,1
နှင်းပွင့်ရတနာထွန်း,1
နှင်းပွင့်ဝေ,1
နှင်းဖြူလွင်,1
နှင်းမွန်ဦး,1
နှင်းယမုံအောင်,1
နှင်းယုခိုင်,1
နှင်းယုစံ,1
နှင်းယုနန္ဒာထွန်း,1
နှင်းယုဝေ,1
နှင်းရည်စိုး,1
နှင်းရည်သင်း,1
နှင်းရတနာဦး,1
နှင်းရတီအောင်,1
နှင်းရွှဇေင်ဝင်း,1
နှင်းရွှရေည်အေး,1
နှင်းရွှေစင်,1
နှင်းရွှေစင်ဝင်း,1
နှင်းလဲ့လဲ့ထွန်း,1
နှင်းလဲ့လဲ့အောင်,1
နှင်းဝင့်နိုင်,1
နှင်းဝတ်ရည်,1
နှင်းဝတ်ရည်ခိုင်,1
နှင်းဝတ်ရည်ငြိမ်း,1
နှင်းဝတ်ရည်ထွန်း,1
နှင်းဝတ်ရည်လွင်,1
နှင်းဝတ်ရည်လှိုင်,1
နှင်းဝတ်ရည်အောင်,1
နှင်းဝသုန်ဦး,1
နှင်းဝေကျော်ဦး,1
နှင်းဝေဖြိုး,1
နှင်းဝေဖြူ,1
နှင်းဝေမျိုးသူ,1
နှင်းဝေဝေထွန်း,1
နှင်းဝေဝေအောင်,1
နှင်းဝေသက်,1
နှင်းသက်နွယ်ဦး,1
နှင်းသဇင်,1
နှင်းသဇင်ညွန့်,1
နှင်းသဇင်ထွေး,1
နှင်းသဇင်နွယ်,1
နှင်းသဇင်ဝေ,1
နှင်းသန့်လွင်,1
နှင်းသိင်္ဂီမောင်,1
နှင်းသူဇာလှိုင်,1
နှင်းသော်တာ,1
နှင်းအဥ္ဇလီ,1
နှင်းအိခိုင်,1
နှင်းအိန္ဒြေ,1
နှင်းအိဖြူ,1
နှင်းအိလွင်,1
နှင်းအိဝေ,1
နှင်းအိအိဝင်း,1
နှင်းအိဣန္ဒြေ,1
နှင်းအေပရယ်ကို,1
နှင်းအေးလွင်,1
နှင်းဦးခင်,1
နှင်းဦးခင်ခင်,1
နှင်းဦးလှိုင်,1
နှင်းဦးဝေ,1
နှစ်သစ်ဖူး,1
နှိုင်းမခအောင်,0
နိုင်ကဗျာယွန်း,1
နိုင်စွမ်းရည်မြတ်,0
နိုင်ထက်လင်း,0
နိုင်ထွန်းလင်း,0
နိုင်ထောမွန်,0
နိုင်နိုင်ချို,0
နိုင်နိုင်မော်,0
နိုင်နိုင်ဝင်း,0
နိုင်နိုင်ဝေ,0
နိုင်နိုင်ဦး,0
နိုင်မြတ်ဝေ,0
နိုင်ရဲထွဋ်,0
နိုင်လင်းဇော်,0
နိုင်လင်းထွန်း,0
နိုင်လင်းအောင်,0
နိုင်လင်းဦး,0
နိုင်လင်းဦး,0
နိုင်ဝင်းထွန်း,0
နိုင်ဝင်းမြင့်,0
နိုင်ဝင်းမိုး,0
နိုင်ဝင်းအေး,0
နိုင်ဝင်းအောင်,0
နိုင်သူရကျော်,0
နိုင်သူရအောင်,0
နိုင်ဟိန်းအောင်,0
နိုင်အောင်ဝင်း,0
နိုနိုပြည့်ဝန်း,1
နီနီကျော်,1
နီနီခင်,1
နီနီချို,1
နီနီခိုင်,1
နီနီထွန်းလွင်,1
နီနီထွေး,1
နီနီလှိုင်ယဉ်,1
နီလာခင်,1
နီလာစိုး,1
နီလာဆွေ,1
နီလာထွေး,1
နီလာမြင့်,1
နီလာမိုးမြင့်,1
နီလာရွှေ,1
နီလာဝင်း,1
နီလာဝင်းဆွေ,1
နီဦးလှိုင်,1
နုထက်စံ,1
နုထက်ဝေ,1
နုထွေးမြင့်,1
နုနုအောင်,1
နေခြည်,1
နေခြည်ခန့်,1
နေခြည်စိုး,1
နေခြည်ထွေး,1
နေခြည်ထိုက်,1
နေခြည်ရွှန်းလဲ့,1
နေခြည်လင်း,1
နေခြည်လှိုင်း,1
နေခြည်သက်ဝေ,1
နေခြည်ဦး,1
နေဇင်ထွန်း,0
နေဇော်အောင်,0
နေထွဋ်ခေါင်,0
နေထွန်းအောင်,0
နေထွန်းဦး,0
နေနွယ်နှင်းဦး,1
နေနိုင်လင်း,0
နေနေကျော်ဦး,0
နေနေမင်းမြင့်,0
နေပိုင်စိုး,0
နေမင်းထွန်း,0
နေမျိုးဇော်,0
နေမျိုးထွဋ်,0
နေမျိုးထွန်း,0
နေမျိုးနိုင်,0
နေမျိုးမြင့်,0
နေမျိုးလှိုင်,0
နေမျိုးဝင်း,0
နေမျိုးသူရိန်ကျော်,0
နေမျိုးအောင်,0
နေမျိုးဦး,0
နေလင်းဇာခြည်,1
နေလင်းထက်,0
နေလင်းထွန်း,0
နေလင်းထိုက်,0
နေလင်းအောင်,0
နေလင်းဦး,0
နေလရောင်,0
နေဝင်းထွန်း,0
နေဝင်းနိုင်,0
နေဝင်းအောင်,0
နေအောင်ကျော်,0
နေအောင်မြင့်,0
နေအောင်အေး,0
နောင်ထွန်းလွင်,0
နော်ခက်ဝေစံ,1
နော်စန်းကလျာနီ,1
နော်စိုးစုစုထွေး,1
နော်စုနှင်းဝေ,1
နော်ဇင်မာမြင့်,1
နော်ဇင်မာလာဝင်း,1
နော်ထက်ထက်ဖူး,1
နော်ဖောအဲခု,1
နော်ဝင့်ဝါမူး,1
နော်သိင်္ဂီထွန်း,1
နော်သီရိစိန်,1
နော်အေးမြကလျာ,1
နော်အဲစေး,1
ပတ္တမြားချစ်,1
ပန်းဆုဝေ,1
ပန်းနုဝေ,1
ပန်းယုခင်,1
ပန်းရိပ်စံ,1
ပန်းဝတ်မှုံ,1
ပန်းအိစံ,1
ပန်းအိဖြိုး,1
ပန်းအိဖြူ,1
ပန်းအိအိဝေ,1
ပပလင်း,1
ပပဝတီ,1
ပပအောင်,1
ပြည့်ခန့်ပိုင်,0
ပြည့်စန္ဒီဟိန်း,1
ပြည့်စုံ,0
ပြည့်စုံခန့်,0
ပြည့်စုံထွေး,0
ပြည့်စုံထိုက်,0
ပြည့်စုံမွန်,0
ပြည့်စုံအောင်,0
ပြည့်စုံအောင်,0
ပြည့်စုံဦး,0
ပြည့်ပြည့်စန္ဒီစိုး,1
ပြည့်ပြည့်ဖြူစင်သူ,1
ပြည့်ပြည့်မိုး,1
ပြည့်ပြည့်ဝင်းချို,1
ပြည့်ဖြိုး,0
ပြည့်ဖြိုးကျော်,0
ပြည့်ဖြိုးကြည်,0
ပြည့်ဖြိုးခင်,1
ပြည့်ဖြိုးစံ,0
ပြည့်ဖြိုးဇော်,0
ပြည့်ဖြိုးပိုင်,0
ပြည့်ဖြိုးမွန်,0
ပြည့်ဖြိုးမောင်,0
ပြည့်ဖြိုးမောင်မောင်,0
ပြည့်ဖြိုးဝင်း,0
ပြည့်ဖြိုးသွယ်,1
ပြည့်ဖြိုးသူဇာ,1
ပြည့်ဖြိုးသော်,1
ပြည့်ဖြိုးအောင်,0
ပြည့်ဖူးငုံ,1
ပြည့်မှူးဝသန်,1
ပြည့်ယမုံကျော်,1
ပြည့်လျှံဟိန်း,0
ပြည့်ဟိန်းကျော်,0
ပြုံးအိခိုင်,1
ပြေညိမ်းအေး,0
ပွင့်နဒီလှိုင်,1
ပွင့်ဖြူခိုင်,1
ပွင့်ဖြူအောင်,1
ပွင့်မဥ္ဇူ,1
ပွင့်ရတနာ,1
ပွင့်ရတီ,1
ပွင့်ဝဇေင်,1
ပွင့်ဝေခိုင်,1
ပွင့်သက်ဝေ,1
ပွင့်သစ်ခိုင်,1
ပွင့်သဇင်ထွန်း,1
ပွင့်သဉ္ဇာကျော်,1
ပွင့်ဟေမာလွင်,1
ပွင့်အိဖြူ,1
ပိုင်စိုးကျော်,0
ပိုင်စိုးသော်,0
ပိုင်စိုးအောင်,0
ပိုင်ဇင်ခန့်,0
ပိုင်ဇင်ထွန်း,0
ပိုင်ဇင်ဟိန်း,0
ပိုင်ဇေငြိမ်းခန့်ကျော်,0
ပိုင်ဇော်ခန့်ဟိန်း,0
ပိုင်ထွန်းအောင်,0
ပိုင်ထော,0
ပိုင်မင်းခန့်,0
ပိုင်ရတနာကျော်,0
ပိုင်လွင်ဟိန်း,0
ပိုင်သန့်ကျော်ဦး,0
ပိုင်သီရိချစ်,1
ပိုင်သူကျော်,0
ပိုင်ဟိန်းကိုကို,0
ပိုးဇော်ဇော်မောင်,1
ပိုးဒါလီ,1
ပိုးပြည့်ပြည့်ဖူး,1
ပိုးပိုးရွှေရည်,1
ပိုးယမုန်ဦး,1
ပိုးယွန်းဖြူစင်,1
ပိုးရွှေလီဝင်း,1
ပိုးဝေဇင်,1
ပိုးအိစံ,1
ပိုးအိဇင်,1
ပိုးအိနိုင်,1
ပိုးအိအိစံ,1
ပိုးအိအိမောင်,1
ပိုးဥခင်,1
ပုံပမာ,1
ပုလဲရတနာစိုး,1
ဖန်နေဝန်း,0
ဖြိုးကျော်ဇွာ,0
ဖြိုးကိုကို,0
ဖြိုးကေသီအောင်,1
ဖြိုးခန့်ဝင်း,0
ဖြိုးဆုမွန်,0
ဖြိုးဇာခြည်ဦး,1
ဖြိုးညီညီ,0
ဖြိုးတင်ဇာခိုင်,1
ဖြိုးထက်အောင်,0
ဖြိုးနန္ဒာဝင်း,1
ဖြိုးပပကျော်,1
ဖြိုးပြည့်,0
ဖြိုးပြည့်သော်,0
ဖြိုးဖြိုးအောင်,0
ဖြိုးမင်းသိန်း,0
ဖြိုးမင်းဟန်,0
ဖြိုးမွန်သဲ,1
ဖြိုးမဥ္ဇူအောင်,1
ဖြိုးမို့မို့လွင်,1
ဖြိုးမောင်မောင်,0
ဖြိုးမောင်မောင်ကျော်,0
ဖြိုးရတနာလင်း,1
ဖြိုးရတနာဝင်း,1
ဖြိုးရွှေရည်ပိုင်,1
ဖြိုးဝေမွန်,0
ဖြိုးဝေယံ,0
ဖြိုးဝေယံဦး,0
ဖြိုးဝေအောင်,0
ဖြိုးဝေဦး,0
ဖြိုးသဇင်နိုင်,1
ဖြိုးသဉ္ဇာထွဋ်,1
ဖြိုးသဉ္ဇာလွင်,1
ဖြိုးသန္တာ,1
ဖြိုးသန့်ကျော်,0
ဖြိုးသန့်စင်,0
ဖြိုးသွယ်အေး,1
ဖြိုးသိင်္ဂီ,1
ဖြိုးသိင်္ဂီကျော်,1
ဖြိုးသီရိကျော်,1
ဖြိုးသော်သော်အောင်,1
ဖြိုးဟိန်းခန့်,0
ဖြိုးဟိန်းဇော်,0
ဖြိုးအိခိုင်,1
ဖြိုးအိစံ,1
ဖြိုးအောင်ကျော်,0
ဖြိုးအောင်စိုး,0
ဖြူစင်ကျော်မင်း,1
ဖြူစင်ကြယ်,1
ဖြူစင်စုမွန်,1
ဖြူစင်မွန်,1
ဖြူစင်သန့်,1
ဖြူစင်သန့်,1
ဖြူစင်အိမ်,1
ဖြူစင်ဦး,1
ဖြူနှင့်ပွင့်,1
ဖြူပွင့်စံ,1
ဖြူဖြူအောင်,1
ဖြူဖွေးဦး,1
ဖြူရတီသင်း,1
ဖြူဝင်းမာ,1
ဖြူဝင့်ဟန်,1
ဖြူသင်းလွင်,1
ဖြူသင်းအောင်,1
ဖြူသီထွန်း,1
ဖြူသီရိခိုင်,1
ဖွေးပြည့်စုံ,1
ဖိုးနောင်,0
ဖိုးပြည့်စုံ,0
ဖုန်းမြင့်ကျော်,0
ဖုန်းမြတ်ထူးအောင်,0
ဖုန်းမြတ်နိုင်,0
ဖူးခင်ခင်,1
ဖူးငုံကျော်,1
ဖူးငုံချော,1
ဖူးငုံငုံ,1
ဖူးနွယ်ခိုင်,1
ဖူးနှင်းခိုင်,1
ဖူးပြည့်စုံ,1
ဖူးပွင့်ကျော်,1
ဖူးပွင့်ခိုင်,1
ဖူးပွင့်ရတနာ,1
ဖူးပွင့်ဝေ,1
ဖူးပွင့်သူ,1
ဖူးပွင့်ဟန်,1
ဖူးပွင့်အောင်,1
ဖူးဖူးချစ်,1
ဖူးဖူးစံ,1
ဖူးမြတ်သွယ်,1
ဖူးမွန်,1
ဗညားထွန်း,0
ဗညားထူး,0
ဗညားဒလ,0
ဗညားနွေဦး,0
ဗညားဦး,0
ဗိုမင်းထက်,0
ဘိုဘို,0
ဘိုဘိုချစ်,0
ဘိုဘိုဇင်,0
ဘိုဘိုထင်လင်းထွဋ်,0
ဘိုဘိုဝင်း,0
ဘုန်းကြည်သာ,0
ဘုန်းဆက်အောင်,0
ဘုန်းထက်ကျော်,0
ဘုန်းထက်ဇော်,0
ဘုန်းပြည့်ခင်,0
ဘုန်းပြည့်စုံ,0
ဘုန်းပြည့်တင်,0
ဘုန်းပြည့်ထက်,0
ဘုန်းပြည့်ပိုင်,0
ဘုန်းပြည့်ဖြိုးအောင်,0
ဘုန်းပြည့်ဟန်,0
ဘုန်းပြည့်ဟိန်း,0
ဘုန်းမြင့်ပိုင်,0
ဘုန်းမြင့်မြတ်,0
ဘုန်းမြင့်မြတ်အောင်,0
ဘုန်းမြင့်သူ,0
ဘုန်းမြတ်ကောင်း,0
ဘုန်းမြတ်မင်း,0
ဘုန်းမြတ်သန်းဦး,0
ဘုန်းမြတ်ဟိန်း,0
ဘုန်းမာန်,0
ဘုန်းမာန်သ,0
ဘုန်းသစ်ခ,0
ဘုန်းသန့်ချို,0
ဘုန်းသန့်နောင်,0
မင်းကျော်ဇောဟိန်း,0
မင်းကိုကို,0
မင်းကိုနိုင်,0
မင်းကိုဦး,0
မင်းကောင်းစံ,0
မင်းခန့်,0
မင်းခန့်ကျော်,0
မင်းခန့်ကို,0
မင်းခန့်စံ,0
မင်းခန့်စိုး,0
မင်းခန့်ဇော်,0
မင်းခန့်ဇော်,0
မင်းခန့်ထည်ဝါ,0
မင်းခန့်မှူးသွင်,0
မင်းခန့်မောင်မောင်,0
မင်းခန့်ဟိန်း,0
မင်းချစ်အောင်,0
မင်းဆွေသန့်,0
မင်းဆွေဦး,0
မင်းဇော်ဦး,0
မင်းဉာဏ်လင်းထွန်း,0
မင်းညီညီသန့်,0
မင်းထက်,0
မင်းထက်ခန့်,0
မင်းထက်နိုင်,0
မင်းထက်သာ,0
မင်းထက်သူ,0
မင်းထက်သော်,0
မင်းထက်အောင်,0
မင်းထွန်းထက်ဦး,0
မင်းနိုင်ထွန်း,0
မင်းနိုင်ဦး,0
မင်းနေကျော်ဝင်း,0
မင်းပြည့်အောင်,0
မင်းပြည့်ဦး,0
မင်းပိုင်ဟိဏ်း,0
မင်းဘုန်းမြတ်,0
မင်းမင်းခိုင်,0
မင်းမင်းစိုး,0
မင်းမင်းအောင်,0
မင်းမင်းဦး,0
မင်းမင်းဦး,0
မင်းမြတ်ပိုင်,0
မင်းမြတ်ဗိုလ်,0
မင်းမြတ်ဝင်း,0
မင်းမြတ်သူ,0
မင်းမောင်ဇင်,0
မင်းမောင်မောင်,0
မင်းရဲဟိန်း,0
မင်းလင်းသန့်အောင်,0
မင်းလွင်ဦး,0
မင်းဝဏ္ဏဟိန်း,0
မင်းဝေယံထွဋ်,0
မင်းဝေသန့်,0
မင်းသန့်ကျော်,0
မင်းသန့်ကို,0
မင်းသန့်ညီညီ,0
မင်းသွင်,0
မင်းသံသာခြူး,0
မင်းသိမ်းကျော်,0
မင်းသီဟထက်ကျော်,0
မင်းသုခ,0
မင်းသုတ,0
မင်းသူရ,0
မင်းသူဟိန်း,0
မင်းဟိန်းသော်,0
မင်းအောင်နိုင်,0
မင်းအောင်လှိုင်,0
မဉ္ဇူခိုင်,1
မဉ္ဇူအောင်,1
မန်းမြတ်ဟိန်းခန့်,0
ဖြူဖြူသန်း,1
မျိုးကျော်အောင်,0
မျိုးကိုကို,0
မျိုးချစ်ဇော်,0
မျိုးငြိမ်းဦး,0
မျိုးစည်သူ,0
မျိုးစန္ဒာထွန်း,1
မျိုးဆန်း,0
မျိုးဆုကျော်,1
မျိုးဇင်ကိုကို,0
မျိုးဇော်ထွန်း,0
မျိုးဇော်အောင်,0
မျိုးဇော်ဦး,0
မျိုးညွန့်ဆွေ,0
မျိုးညွန့်အောင်,0
မျိုးထက်လွင်ဦး,0
မျိုးထက်သီရိလှိုင်,1
မျိုးထွဋ်အောင်,0
မျိုးနိုင်ဦး,0
မျိုးပပခိုင်,1
မျိုးမင်းခိုင်,0
မျိုးမင်းစိုး,0
မျိုးမင်းဇော်,0
မျိုးမင်းထွဋ်,0
မျိုးမင်းထွန်း,0
မျိုးမင်းထိုက်,0
မျိုးမင်းပိုင်,0
မျိုးမင်းလတ်,0
မျိုးမင်းသူ,0
မျိုးမင်အောင်,0
မျိုးမင်းဦး,0
မျိုးမျိုးခိုင်,1
မျိုးမျိုးသန်းနိုင်,0
မျိုးမျိုးအေး,1
မျိုးမြင့်ခိုင်,0
မျိုးမြင့်ဇော်,0
မျိုးမြင့်ထွန်း,0
မျိုးမြင့်နိုင်,0
မျိုးမြင့်မောင်,0
မျိုးမြင့်အောင်,0
မျိုးမြတ်,0
မျိုးမြတ်မြတ်ခင်,1
မျိုးမြတ်မြတ်ဇော်,0
မျိုးမြတ်သူ,1
မျိုးမြတ်ဟန်,0
မျိုးလွင်ဦး,0
မျိုးဝင်း,0
မျိုးဝင်းနိုင်,0
မျိုးဝင်းမြင့်,0
မျိုးဝင့်ယဉ်,1
မျိုးဝင်းသန်း,1
မျိုးဝင်းအောင်,0
မျိုးသက်ခိုင်,1
မျိုးသဉ္ဇာအောင်,1
မျိုးသန္တာမြင့်,1
မျိုးသန့်ထွန်း,0
မျိုးသန့်ဝင်း,0
မျိုးသီရိကျော်,1
မျိုးသီဟ,0
မျိုးသူကျော်,0
မျိုးသူဇာဝင်း,1
မျိုးသူရ,0
မျိုးသော်ဇင်,1
မျိုးအာကာ,0
မျိုးအိမွန်,1
မျိုးဥမ္မာမွန်,1
မြကြူသင်း,1
မြကေသီ,1
မြကေသီဟန်,1
မြငြိမ်းဝင်း,1
မြင့်ကျော်ဦး,0
မြင့်ကိုကို,0
မြင့်စံပယ်,1
မြင့်စိုးထွန်း,0
မြင့်ဆွေဦး,0
မြင့်ဇူခိုင်,1
မြင့်ဇော်ဦး,0
မြင့်ဇော်ဦး,0
မြင့်နိုင်ဦး,0
မြင့်မြင့်အောင်,1
မြင့်မြင့်ဦး,1
မြင့်မြတ်,0
မြင့်မြတ်ခြယ်,1
မြင့်မြတ်စိုး,0
မြင့်မြတ်ဇော်,0
မြင့်မြတ်ထွေး,1
မြင့်မြတ်မျိုး,0
မြင့်မြတ်ရည်,1
မြင့်မြတ်သဇင်,1
မြင့်မြတ်သူ,1
မြင့်မြတ်ဟိန်း,1
မြင့်မာလာ,1
မြင့်မိုရ်,1
မြင့်မောင်မောင်,0
မြင့်လွင်ဦး,0
မြင့်သန်းဦး,0
မြင့်သိန်းထွန်း,0
မြင့်သိန်းနိုင်,0
မြင့်သိန်းလွင်,0
မြင့်သိန်းဦး,0
မြင့်သူဇာ,1
မြစည်သူ,0
မြစန်းရီ,1
မြစံပ္ပါယ်,1
မြတ်ကျော်သီဟဝင်း,0
မြတ်ကိုကို,0
မြတ်ကေခိုင်,1
မြတ်ကေသီ,1
မြတ်ချိုမွန်ဦး,1
မြတ်ချိုဝင်း,1
မြတ်ဆုမော်,1
မြတ်ဆုရည်ဦး,1
မြတ်ထက်ခန့်,0
မြတ်ထွန်းအောင်,0
မြတ်နိုးချစ်,1
မြတ်နိုးဆွေ,1
မြတ်နိုးထက်,1
မြတ်နိုးပွင့်,1
မြတ်နိုးဖြူစင်,1
မြတ်နိုးမောင်,1
မြတ်နိုးသံစဥ်,1
မြတ်နိုးသီရိမောင်,1
မြတ်နိုးသူအောင်,1
မြတ်နိုးအိမ်,1
မြတ်နိုးအောင်,1
မြတ်ပန်းနု,1
မြတ်ပွင့်ဖြူ,1
မြတ်ပွင့်ဖြူ,1
မြတ်ဘုန်းကျော်,0
မြတ်မင်းခန့်,0
မြတ်မင်းထွန်း,0
မြတ်မင်းဖြိုး,0
မြတ်မင်းဟန်,0
မြတ်မင်းဟိန်း,0
မြတ်မင်ဦး,0
မြတ်မင်းဦး,0
မြတ်မြတ်ခိုင်,1
မြတ်မြတ်စိုး,1
မြတ်မြတ်ဆွေ,1
မြတ်မြတ်ထွန်း,1
မြတ်မြတ်ထွေး,1
မြတ်မြတ်မွန်,1
မြတ်မြတ်မိုး,1
မြတ်မြတ်မော်,1
မြတ်မြတ်လှိုင်,1
မြတ်မြတ်ဝင်း,1
မြတ်မြတ်အုံးခင်,1
မြတ်မွန်ကျော်,1
မြတ်မွန်ခိုင်,1
မြတ်မွန်လှသိန်းအောင်,1
မြတ်မွန်သင်း,1
မြတ်မွန်အေး,1
မြတ်မှူးမှူးလွင်,1
မြတ်မိုးဦး,0
မြတ်ရည်မွန်သိန်း,1
မြတ်ရွှေစင်,1
မြတ်လင်းခန့်,0
မြတ်လင်းအောင်,0
မြတ်သက်နိုး,1
မြတ်သက်မွန်,1
မြတ်သင်းအောင်,1
မြတ်သဇင်,1
မြတ်သဇင်ခိုင်,1
မြတ်သဉ္ဇာ,1
မြတ်သန္တာလင်း,1
မြတ်သန့်ချို,1
မြတ်သန့်ဇင်,0
မြတ်သွယ်လင်း,1
မြတ်သိင်္ဂီခိုင်,1
မြတ်သိင်္ဂီဇော်,1
မြတ်သိန်းထွန်း,0
မြတ်သီတာ,1
မြတ်သီရိနွေး,1
မြတ်သုခ,0
မြတ်သူ,0
မြတ်သူဇာ,1
မြတ်သူဇာစိုး,1
မြတ်သူဖြိုး,0
မြတ်သူရ,0
မြတ်သူရဇော်,0
မြတ်သဲစု,1
မြထွန်းအောင်,0
မြပွင့်ဖြူ,1
မြမွန်စန်း,1
မြမှူးနွယ်,1
မြမာလာ,1
မြယွန်းမေ,1
မြယုမော်လှိုင်,1
မြရည်နန္ဒာ,1
မြရွှေရည်ဝန်း,1
မြဝင်းကြည်,1
မြဝတ်မှုန်,1
မြဝတ်ရည်,1
မြဝတ်ရည်ဆက်,1
မြသက်ချယ်,1
မြသက်ပိုင်အောင်,1
မြသဇင်,1
မြသန်းကြည်,1
မြသန်းတင်,1
မြသန်းနွယ်,1
မြသိင်္ဂီ,1
မြသီခိုင်,1
မြသီတာ,1
မြသီတာကျော်,1
မြသီတာဆွေ,1
မြသီတာမျိုးဝင်း,1
မြသူဇာ,1
မြဟံသာချမ်း,1
မြအိမွန်,1
မြအိမ်စည်,1
မွန်မြတ်သူ,1
မွန်မွန်အောင်,1
မွန်မွန်ဦး,1
မွန်မာန်,0
မွှေးအိစံ,1
မှုံရွှေရည်လတ်,1
မဥ္ဇူ,1
မဥ္ဇူခိုင်,1
မဥ္ဇူဝင်း,1
မာလာ,1
မာလာကျော်,1
မာလာခင်,1
မာလာဆွေ,1
မာလာထွန်း,1
မာလာနွယ်,1
မာလာမြင့်,1
မာလာအောင်,1
မာလာဦး,1
မိုးကျော်ထွန်း,0
မိုးကျော်လွင်,0
မိုးကျော်သူ,0
မိုးကျော်အောင်,0
မိုးကျော်ဦး,0
မိုးကျော်ဦး,0
မိုးကြယ်စင်,0
မိုးငယ်ငယ်,1
မို့ငယ်ဆွေ,1
မိုင်ချယ်ရီစိုး,1
မိုးစန္ဒာ,1
မိုးစန္ဒာလင်း,1
မိုးဆည်းဆာလွင်,1
မိုးဇော်ထွန်း,0
မိုးဇော်ဦး,0
မိုးညီညီသက်,0
မိုးနန်းရွှေ,1
မိုးနှင်းဆီ,1
မိုးပပနိုင်,1
မိုးပြည့်စုံ,1
မိုးပွင့်ဖြူ,1
မိုးမြင့်ဇော်,0
မိုးမြင့်ထက်,0
မိုးမြင့်ပိုင်,0
မိုးမြင့်လှိုင်,0
မိုးမြင့်ဟန်,0
မိုးမြင့်အင်ကြင်း,1
မိုးမြင့်အောင်,0
မိုးမြတ်မြတ်ဖူး,1
မိုးမိုးကျော်,1
မို့မို့ကျော်,1
မိုးမိုးကြည်,1
မိုးမိုးခင်,1
မိုးမိုးခိုင်,1
မိုးမိုးငြိမ်း,1
မိုးမိုးစံ,1
မိုးမိုးဆွေ,1
မို့မို့ဇင်,1
မိုးမိုးမြင့်စန်း,1
မိုးဝင်းမောင်,0
မိုးဝသန်,0
မိုးဝေကျော်,0
မိုးသက်သက်ခိုင်,1
မိုးသဇင်ထွန်း,1
မိုးသန္တာ,1
မိုးသန္တာအေး,1
မိုးသီတာ,1
မိုးသီတာအေး,1
မိုးသူဇာ,1
မိုးသူဇာခင်,1
မိုးသူဇာအောင်,1
မိုးသူထွန်း,1
မိုးသဲဖြူ,1
မိုးအိစံ,1
မိုးအိဇွန်,1
မိုးအိမ့်ရတီမောင်,1
မိုးအိအိဖြိုး,1
မီခိုင်ဦး,1
မီးမြာ,1
မီမီကျော်,1
မီမီထွေး,1
မီမီပြုံး,1
မီမီမြင့်အောင်,1
မူမူအောင်,1
မေကလျာချစ်,1
မေကိုကို,1
မေစန္ဒာထွန်း,1
မေစန်းမြင့်,1
မေစမ်းသီ,1
မေစိန်လှိုင်,1
မေဆုပိုင်,1
မေဆုမွန်,1
မေဇင်ငြိမ်းချမ်း,1
မေဇင်ထက်,1
မေဇင်ဖူး,1
မေဇင်သူ,1
မေဇင်အောင်,1
မေဇင်ဦး,1
မေဇင်ဦး,1
မေဇွန်ဖူး,1
မေဇွန်မိုး,1
မေဇွန်မိုးဦး,1
မေဇာခြည်မောင်,1
မေဇော်ခိုင်,1
မေနွယ်စိုး,1
မေနှင်းဖြူ,1
မေပြည့်စုံငြိမ်းဝင်း,1
မေပြည့်စုံလင်း,1
မေပြည့်စုံအောင်,1
မေပွင့်သူ,1
မေပိုးစံ,1
မေပိုးပိုးကျော်,1
မေဖြိုးသိင်္ဂီ,1
မေဖြိုးသူ,1
မေဖြူစင်သန့်,1
မေဖြူနှင်း,1
မေဖူး,1
မေဖူးနိုင်,1
မေဖူးသက်လွင်,1
မေဖူးသွယ်,1
မေဘရဏီ,1
မေမျိုးဇင်,1
မေမြင့်ဗိုလ်,1
မေမြင့်မိုရ်သော်,1
မေမြတ်ကြူဝင်း,1
မေမြတ်ခိုင်,1
မေမြတ်နိုး,1
မေမြတ်နိုးဇော်,1
မေမြတ်နိုးတင်,1
မေမြတ်နိုးဖူး,1
မေမြတ်မဒီ,1
မေမြတ်မွန်,1
မေမြတ်သူ,1
မေမွန်ထား,1
မေမှူးစံ,1
မေမဥ္ဇူလင်း,1
မေမာခင်,1
မေမိုးဆမ်းအေး,1
မေမိုးသွယ်ခိုင်,1
မေမီကို,1
မေမီစိုးဝင်း,1
မေရတနာထွန်း,1
မေရီမင်းဇော်,1
မေလင်းသန္တာဦး,1
မေလပြည့်ငြိမ်း,1
မေလပြည့်ဝင်း,1
မေလဲ့ရည်စိုး,1
မေသက်ခိုင်,1
မေသက်ထွန်း,1
မေသက်နှင်း,1
မေသက်ပိုင်,1
မေသက်မွန်,1
မေသက်လွင်,1
မေသင်းပိုင်,1
မေသင်္ကြန်,1
မေသင်္ကြန်အောင်,1
မေသံစဉ်ကိုကို,1
မေသဇင်ချိန်း,1
မေသဇင်စိုး,1
မေသဇင်ထက်,1
မေသဇင်ထွန်း,1
မေသဇင်ဖြူဖြူကျော်,1
မေသဇင်မိုး,1
မေသဇင်လင်း,1
မေသဇင်ဝင်း,1
မေသဇင်အောင်,1
မေသဉ္ဇာချို,1
မေသဉ္ဇာစိုး,1
မေသဉ္ဇာလွင်,1
မေသန္တာကျော်,1
မေသန္တာစိုး,1
မေသန္တာလွင်,1
မေသန့်ခိုင်,1
မေသန့်ဇင်,1
မေသန်းနွယ်,1
မေသန်းရီ,1
မေသန်းဦး,1
မေသရဖီထွန်း,1
မေသဥ္ဇာအောင်,1
မေသိင်္ဂီကျော်,1
မေသိင်္ဂီကို,1
မေသီရိဇွန်,1
မေသီရိဝင်း,1
မေသူကျော်,1
မေသူခင်,1
မေသူခိုင်,1
မေသူခိုင်စိုး,1
မေသူစိုး,1
မေသူဇာစိုး,1
မေသူဇာလွင်,1
မေသူထက်,1
မေသူထွန်း,1
မေသူနိုင်,1
မေသူမြင့်,1
မေသူဝင်း,1
မေသူသူသော်,1
မေသူဟန်,1
မေသူအောင်,1
မေသဲယု,1
မေအေးခိုင်,1
မေဦးစံ,1
မော်ကွန်းအောင်,0
မော်မော်ဦး,1
ယဉ်ငြိမ်းစု,1
ယဉ်ငြိမ်းအေး,1
ယဉ်ငြိမ်းဦး,1
ယဉ်ဖြူသွယ်,1
ယဉ်မင်းအိ,1
ယဉ်မင်းအေး,1
ယဉ်ယဉ်ထွေး,1
ယဉ်ယဉ်နွယ်,1
ယဉ်ယဉ်နု,1
ယဉ်ယဉ်မော်,1
ယဉ်ဝေလွင်,1
ယဉ်အေးခန့်ဗိုလ်,1
ယမင်းကျော်နိုင်,1
ယမင်းခင်,1
ယမင်းချို,1
ယမင်းဆုလာဘ်,1
ယမင်းထွေး,1
ယမင်းနွယ်,1
ယမင်းနွေး,1
ယမင်းပိုင်,1
ယမင်းဖြိုး,1
ယမင်းရွှေစင်,1
ယမင်းဝတ်ရည်,1
ယမင်းသက်,1
ယမင်းသဥ္ဇာထွေး,1
ယမင်းသူ,1
ယမင်းသူဇာ,1
ယမင်းသော်အောင်,1
ယမင်းအောင်,1
ယမုန်ဖူး,1
ယမုံဖူး,1
ယမုံသင်း,1
ယမုံအေး,1
ယမုံဦး,1
ယွန်းကလျာကြည်,1
ယွန်းတွယ်တာ,1
ယွန်းနဒီ,1
ယွန်းနဒီကျော်,1
ယွန်းနဒီထက်,1
ယွန်းနန္ဒာ,1
ယွန်းနန္ဒာမွန်,1
ယွန်းနေခြည်ဝင်း,1
ယွန်းပိုးပိုးဖြူ,1
ယွန်းဖူးအိမ်,1
ယွန်းမြတ်နိုး,1
ယွန်းမြတ်သွယ်,1
ယွန်းမြတ်အိမ်,1
ယွန်းမီကောင်း,1
ယွန်းမီမီဇော်,1
ယွန်းမီမီထွန်း,1
ယွန်းမီမီဖြိုး,1
ယွန်းမီမီလင်း,1
ယွန်းမီမီအောင်,1
ယွန်းယမုံဦး,1
ယွန်းရတနာထွန်း,1
ယွန်းရွှေစင်ဖြိုး,1
ယွန်းရွှေမွန်,1
ယွန်းဝတီ,1
ယွန်းဝသုန်အောင်အေး,1
ယွန်းသက်ဝေ,1
ယွန်းသွဲ့သွဲ့နိုင်,1
ယွန်းသိမ့်သိမ့်ချော,1
ယွန်းဟန်နီကို,1
ယွန်းအိစံ,1
ယွန်းအိမ်စံ,1
ယွန်းအိမ်လွှာ,1
ယွန်းအိသီရိဖြိုး,1
ယဥ်ကျေးမေ,1
ယဥ်ကျော့စံ,1
ယဥ်မျိုးသက်,1
ယဥ်မျိုးသန္တာ,1
ယဥ်မာမျိုး,1
ယဥ်မိုးဦး,1
ယဥ်ယဥ်ချမ်း,1
ယဥ်ယဥ်ဆန်း,1
ယဥ်ယဥ်ပြုံး,1
ယုကလျာမြင့်,1
ယုဇနခိုင်,1
ယုဇနနှင်း,1
ယုဇနရွှေအောင်,1
ယုနန္ဒာဖြိုး,1
ယုနန္ဒာမင်းညို,1
ယုနန္ဒာမျိုးထိုက်,1
ယုနန္ဒာမြတ်,1
ယုမြတ်မွန်စိုး,1
ယုမြတ်အေး,1
ယုမွန်ဝင်း,1
ယုယခိုင်လင်း,1
ယုယပိုပိုဦး,1
ယုယမြတ်နိုး,1
ယုယမာလာ,1
ယုယုခင်,1
ယုယုခိုင်,1
ယုယုဇင်,1
ယုယုလွင်,1
ယုယုဝင်း,1
ယုလှိုင်ဦး,1
ယုဝေလင်း,1
ယုဝေလှိုင်,1
ယုသဉ္ဇာကျော်,1
ယုသဉ္ဇာအောင်,1
ရင်ရင်ကြည်,1
ရည်မွန်စိုး,1
ရည်မွန်ဖူး,1
ရည်မွန်သက်လွင်လေး,1
ရည်မွန်သန့်,1
ရည်မွန်ဦး,1
ရတနာ,1
ရတနာခင်ခင်သီရိကို,1
ရတနာချို,1
ရတနာခိုင်,1
ရတနာထွန်း,1
ရတနာပို,1
ရတနာဖြိုး,1
ရတနာမျိုးမြင့်,1
ရတနာမျိုးဝင်း,1
ရတနာမိုး,1
ရတနာရွှန်းလဲ့လဲ့ဝင်း,1
ရတနာဝင်း,1
ရတနာသိန်း,1
ရတနာသူ,1
ရတနာအောင်,1
ရတနာဦး,1
ရတီထွန်းကျော်,1
ရတီဖူးပွင့်,1
ရန်ချမ်းဝင်း,0
ရန်ငြိမ်းချမ်း,0
ရန်နိုင်ကျော်,0
ရန်နိုင်စိုး,0
ရန်နိုင်ထွန်း,0
ရန်နိုင်မျိုး,0
ရန်နိုင်ဝင်း,0
ရန်နိုင်ဦး,0
ရန်နောင်စိုး,0
ရန်နောင်အေး,0
ရန်ပိုင်,0
ရန်ပိုင်ဦး,0
ရန်မျိုးအောင်,0
ရန်လင်းအောင်,0
ရန်အောင်စိန်,0
ရန်အောင်လင်း,0
ရဝေတင့်,0
ရဝေနိုင်,0
ရဝေအောင်,0
ရွက်နုနိုင်,0
ရွှန်းပြည့်ပြည့်,1
ရွှန်းပြည့်ပြည့်အိ,1
ရွှန်းပြည့်ပြည့်အောင်,1
ရွှန်းပိုပိုအောင်,1
ရွှန်းလက်သော်,1
ရွှန်းလဲ့ချို,1
ရွှန်းလဲ့ထွေး,1
ရွှန်းလဲ့နိုင်,1
ရွှန်းလဲ့မြင့်အောင်,1
ရွှန်းလဲ့ယမုံဦး,1
ရွှန်းလဲ့ရည်မွန်,1
ရွှန်းလဲ့ရွှေရည်,1
ရွှန်းလဲ့လဲ့ဦး,1
ရွှန်းလဲ့ဝေ,1
ရွှန်းလဲ့သာ,1
ရွှန်းဝေသီ,1
ရွှန်းအိမွန်,1
ရွှေခစံ,1
ရွှေစင်ခိုင်,1
ရွှေစင်ဆု,1
ရွှေစင်လင်းထိုက်,1
ရွှေစင်ဝင်း,1
ရွှေစင်သွန်း,1
ရွှေစင်အေး,1
ရွှေစန္ဒာဝင်း,1
ရွှေဇင်ဖြိုး,1
ရွှေဇင်ဖူး,1
ရွှေဇင်ဝင်း,1
ရွှေဇင်ဦး,1
ရွှေပုံအိမ်,1
ရွှေဘုန်းခန့်,0
ရွှေယမင်း,1
ရွှေယမင်းကျော်,1
ရွှေယမင်းဖြိုး,1
ရွှေယမင်းသက်,1
ရွှေယမင်းအေး,1
ရွှေရည်ကေခိုင်ဖြိုး,1
ရွှေရည်ငြိမ်းလှိုင်,1
ရွှေရည်ထိုက်,1
ရွှေရည်ထူးခင်ခင်,1
ရွှေရည်ဖြိုး,1
ရွှေရည်ရည်ဇော်,1
ရွှေရည်ရွှန်းလဲ့,1
ရွှေရည်လင်းကျော်,1
ရွှေရည်လင်းထက်,1
ရွှေရည်လင်းလက်,1
ရွှေရည်လွင်,1
ရွှေရည်ဝင်း,1
ရွှေရည်ဝင်းကို,1
ရွှေရည်ဝင်းထွန်း,1
ရွှေရည်ဝင်းသူ,1
ရွှေရည်သိမ့်,1
ရွှေရည်ဦး,1
ရွှေရွှေမြင့်,1
ရွှေရီဝင်း,1
ရွှေလဝန်း,1
ရွှေသဇင်ဦး,1
ရှခေါင်ဦး,0
ရှင်းသန့်,0
ရှင်းသန့်မောင်မောင်,0
ရှင်းသန့်အောင်,0
ရှားရတနာမိုး,1
ရှိန်းခန့်ကို,0
ရှိန်းထက်လင်း,0
ရှိန်းဝဏ္ဏ,0
ရှိုင်းကိုကိုမြင့်,0
ရှိုင်းထက်အောင်,0
ရှိုင်းမင်းခန့်,0
ရှိုင်းမာန်အောင်,0
ရှိုင်းမို့မို့အောင်,1
ရှိုင်းလင်းစိုး,0
ရှိုင်းဝဏ္ဏအောင်,0
ရှိုင်းဝေယံဟိန်း,0
ရှုမဝလှိုင်,1
ရာဇာထွန်း,0
ရာဇာမျိုးကျော်,0
ရာဇာလင်းအောင်,0
ရာသက်ပန်,0
ရိုစီလင်း,1
ရီမွန်စိုး,1
ရီရီထွေး,1
ရီရီမေ,1
ရဲကျော်မြိုင်,0
ရဲကျော်သူ,0
ရဲခေါင်,0
ရဲစည်သူထွန်း,0
ရဲစွမ်းရည်ဦး,0
ရဲဇာနည်ကို,0
ရဲဇာနည်ထွန်း,0
ရဲဇော်နိုင်,0
ရဲဇော်ဖြိုး,0
ရဲဇော်အောင်,0
ရဲတေဇာရှိန်း,0
ရဲထက်ဇော်,0
ရဲထက်မြင့်အောင်,0
ရဲထက်ဝေ,0
ရဲထက်အောင်,0
ရဲထွဋ်,0
ရဲထွဋ်နိုင်,0
ရဲထွဋ်ဝင်း,0
ရဲထွဋ်အောင်,0
ရဲနိုင်ထွန်း,0
ရဲနိုင်မျိုး,0
ရဲနိုင်ဝင်း,0
ရဲနိုင်ဦး,0
ရဲနောင်,0
ရဲဘုန်းဇော်,0
ရဲမင်းကို,0
ရဲမင်းထက်,0
ရဲမင်းထွန်း,0
ရဲမင်းနိုင်,0
ရဲမင်းသွင်,0
ရဲမင်းသိန်း,0
ရဲမင်းသူ,0
ရဲမင်းအောင်,0
ရဲမင်းဦး,0
ရဲမင်းဦး,0
ရဲမြကေခိုင်,0
ရဲမြင့်စိုး,0
ရဲမြင့်ဆွေ,0
ရဲမြင့်ထွန်း,0
ရဲမြင့်နိုင်,0
ရဲမြင့်မြတ်အောင်,0
ရဲမြင့်မောင်,0
ရဲမြင့်အောင်,0
ရဲမြတ်သီဟ,0
ရဲမွန်သန့်,0
ရဲမာန်ထက်,0
ရဲမိုးဦး,0
ရဲရင့်ကျော်,0
ရဲရင့်ဇော်ဦး,0
ရဲရင့်ထက်,0
ရဲရင့်ထက်အောင်,0
ရဲရင့်ထူးကျော်,0
ရဲရင့်ပိုင်အောင်,0
ရဲရင့်ဖြိုးအောင်,0
ရဲရင့်ဘုန်းပြည့်မောင်,0
ရဲရင့်ဘုန်းမြတ်,0
ရဲရင့်မြတ်,0
ရဲရင့်မိုးနိုင်,0
ရဲရင့်လင်း,0
ရဲရင့်သူရ,0
ရဲရင့်အောင်,0
ရဲရဲဝင်း,0
ရဲလင်းထက်,0
ရဲလင်းအောင်,0
ရဲလွင်ဦး,0
ရဲဝင်းထွန်း,0
ရဲဝင့်နိုင်,0
ရဲဝင်းအောင်,0
ရဲဝဏ္ဏဇွဲ,0
ရဲသွင်ဇော်,0
လင်းကိုကို,0
လင်းခန့်,0
လင်းစန္ဒာထွေး,1
လင်းဇာခြည်,1
လင်းဇာနည်,1
လင်းဇာနည်ထွန်း,1
လင်းထက်ဇော်,0
လင်းထက်နိုင်,0
လင်းထက်မြတ်,0
လင်းထက်အောင်,0
လင်းထက်ဦး,0
လင်းပန်းမွန်,1
လင်းပပနိုင်,1
လင်းပြည့်သာ,0
လင်းပြည့်ဟန်,0
လင်းဖြူဖြူအောင်,1
လင်းဖုန်းမြတ်,0
လင်းမြတ်ကို,0
လင်းမြတ်ထွေးကို,0
လင်းမြတ်မြတ်မင်း,0
လင်းမြတ်အောင်,0
လင်းလက်လက်သူ,1
လင်းလက်သူ,1
လင်းလက်အောင်,0
လင်းလက်ဦး,1
လင်းလင်း,0
လင်းလင်းခိုင်,1
လင်းလင်းထက်,1
လင်းလင်းထွန်း,0
လင်းလင်းဖွေး,1
လင်းလင်းဝေဇာအောင်,1
လင်းလင်းသိုက်,1
လင်းလင်းသူ,1
လင်းလဲ့ထိုက်,1
လင်းလဲ့လဲ့ကျော်,1
လင်းလဲ့လဲ့ထွန်း,1
လင်းဝါဝါဇော်,1
လင်းသန့်မောင်မောင်,0
လင်းသူရိန်,0
လင်းအောင်မြတ်,0
လပြည့်ဆုလင်း,1
လပြည့်ဖြိုးဝေ,0
လပြည့်ဟိန်း,0
လမင်း,1
လမင်းကြယ်စင်,1
လမင်းနွယ်,1
လမင်းအိမ်,1
လမင်းအောင်,1
လျှမ်းထက်အောင်,0
လရိပ်ပြာ,1
လရိပ်ဖြူ,1
လရောင်အေး,0
လရောင်ဦး,0
လဝန်းအိဂျူး,1
လဝီထော,0
လဝီမွန်,0
လွင်ကိုကိုမိုး,0
လွင်ဆောင်းဦး,0
လွင်နိုင်ဦး,0
လွင်ပြုံးခိုင်,1
လွင်ပိုပိုသိန်း,1
လွင်မာသင်း,1
လွင်မာဦး,1
လွင်မိုး,0
လွင်မီထွန်း,1
လွင်မီမီအောင်,1
လွင်လွင်အောင်,1
လွင်သန္တာစိုး,1
လွင်သူရဦး,0
လွှမ်းပိုင်ဦး,0
လှဘုန်းမင်း,0
လှမျိုးအောင်,0
လှမြင့်စိုး,0
လှမြင့်မောင်,0
လှမြတ်မိုရ်,1
လှမိုးအောင်,0
လှယဉ်မင်း,1
လှယမင်း,1
လှယမင်းထွန်း,1
လှယမင်းဝေ,1
လှယမင်းဦး,1
လှရတနာဝေ,1
လှရူပါအေး,1
လှလှမေ,1
လှလှမော်,1
လှလှသွယ်,1
လှဝင်းကြည်,1
လှဝင်းဌေး,1
လှဝင်းအောင်,1
လှသန္တာ,1
လှသိန်းထွန်း,0
လှိုင်ငွေလင်း,1
လှိုင်ဆုမွန်,1
လှိုင်ဇင်ဦး,1
လှိုင်ဇာဖြူညွန့်,1
လှိုင်ထက်ဝေ,1
လှိုင်ထက်အေး,1
လှိုင်ထိပ်ခေါင်တင်,1
လှိုင်နဒီကျော်,1
လှိုင်မင်းအောင်,0
လှိုင်မျိုးသူ,0
လှိုင်မြင့်စန်း,0
လှိုင်ရတနာထွန်း,1
လှိုင်ရွှေစင်,1
လှိုင်လှိုင်မြင့်,1
လှိုင်လှိုင်ဝင်း,1
လှိုင်ဝင်းထွန်း,0
လှိုင်ဝင်းအောင်,0
လုလုအောင်,1
လူမော်ဟိန်း,0
လေးမြင့်မြင့်စံ,1
လေးမွန်မွန်,1
လေးလေးနွယ်,1
လေးလေးမြင့်,1
လေးလေးဝါး,1
လေးအောင်,0
လဲ့မွန်သန်း,1
လဲ့ယမုံဝင့်,1
လဲ့ရည်ထွေး,1
လဲ့လဲ့စိုးဦး,1
လဲ့လဲ့ဝေ,1
လဲ့လဲ့သင်း,1
လဲ့ဝါထွန်း,1
လဲ့ဝါဝင့်မောင်မောင်,1
လဲ့ဝါဝါဝင်းယံ,1
ဝင်းကျော်စိုး,0
ဝင့်ကြူကြူကို,1
ဝင်းကိုကို,0
ဝင်းကိုနိုင်,0
ဝင်းကိုဦး,0
ဝင့်ကေဇင်,1
ဝင်းကေသီအောင်,1
ဝင့်ခက်စံ,1
ဝင်းစန္ဒကူးခင်,1
ဝင်းစန္ဒာ,1
ဝင်းစန္ဒာမွန်,1
ဝင်းဆွေဦး,0
ဝင့်ဇာနည်ဇော်,1
ဝင်းဇော်ထွန်း,0
ဝင်းဇော်မိုး,0
ဝင်းဇော်အောင်,0
ဝင်းဇော်ဦး,0
ဝင်းညွန့်ဦး,0
ဝင်းထက်လှိုင်,0
ဝင်းထွဋ်အောင်,0
ဝင်းထွဋ်ဦး,0
ဝင်းထွန်းဦး,0
ဝင်းနန္ဒာ,1
ဝင်းနိုင်စိုး,0
ဝင်းနိုင်ဇော်,0
ဝင်းနိုင်ထွန်း,0
ဝင်းနိုင်သန့်,0
ဝင်းနိုင်ဦး,0
ဝင်းပပ,1
ဝင်းပပကျော်,1
ဝင်းပပခိုင်,1
ဝင်းပပမိုး,1
ဝင်းပပအောင်,1
ဝင်းပပအောင်မြတ်,1
ဝင့်ဖူးအေး,1
ဝင်းမင်းထွန်း,0
ဝင်းမင်းသန်း,1
ဝင်းမြတ်နိုးဇော်,0
ဝင်းမြတ်မြတ်ဖြိုး,0
ဝင်းမြတ်မြတ်သူ,0
ဝင်းမာကြည်,0
ဝင်းမာဦး,0
ဝင်းမောင်မောင်,0
ဝင်းမော်ထွန်း,0
ဝင်းယုမောင်,0
ဝင့်ရည်စိုး,1
ဝင်းရတနာ,1
ဝင့်ရွှေရည်ထွန်း,1
ဝင်းလွင်ကျော်,0
ဝင်းလွင်ဦး,0
ဝင်းလဲ့နှင်း,1
ဝင်းလဲ့ရည်,1
ဝင်းလဲ့လဲ့နိုင်ကျော်,1
ဝင်းလဲ့အေး,1
ဝင်းဝင်းထွန်း,0
ဝင်းဝင်းဝါ,1
ဝင့်ဝါဖူး,1
ဝင့်ဝါရွှရေည်,1
ဝင့်ဝါလင်း,1
ဝင့်ဝါဝါဖြိုး,1
ဝင့်ဝါအောင်,1
ဝင့်ဝါဦး,1
ဝင်းသန္တာ,1
ဝင့်သဥ္ဇာစိုး,1
ဝင်းသိင်္ဂီကျော်,1
ဝင်းသိင်္ဂီနိုင်,1
ဝင်းသိင်္ဂီလှိုင်,1
ဝင်းသိန်း,1
ဝင်းသီရိကျော်,1
ဝင်းသီရိကိုကို,1
ဝင့်သီရိဖြိုး,1
ဝင်းသူဇာကျော်,1
ဝင်းသူရကို,0
ဝင့်ဟန်နီကျော်,1
ဝင်းအိစံ,1
ဝင်းအိဖြိုး,1
ဝင်းအိမွန်,1
ဝင်းအောင်ကျော်,0
ဝဏ္ဏကျော်,0
ဝဏ္ဏစိုး,0
ဝတ်မှုံခင်,1
ဝတ်မှုန်ဦး,1
ဝတ်မှုံဖူး,1
ဝတ်ရည်ဆောင်း,1
ဝတ်ရည်ထွန်း,1
ဝတ်ရည်နှင်း,1
ဝတ်ရည်ဖူး,1
ဝတ်ရည်မွန်,1
ဝတ်ရည်မောင်,1
ဝတ်ရည်ဝင်း,1
ဝတ်ရည်သန့်,1
ဝတ်ရည်အေး,1
ဝန,0
ဝန္တီပိုင်,1
ဝသန်မင်း,0
ဝသုန်ကို,0
ဝသုန်ထက်,0
ဝါဆိုမိုးဦး,1
ဝါဆိုဦး,1
ဝါဝါခင်,1
ဝါဝါခိုင်,1
ဝါဝါလွင်,1
ဝါဝါလွင်ထွန်း,1
ဝိုင်းကြည့်ဖြူသန့်,1
ဝိုင်းချစ်ဇံ,1
ဝိုင်းစန္ဒီ,1
ဝိုင်းပြည်စုံချင်း,1
ဝိုင်းလဲ့လဲ့,1
ဝိုင်းသဇင်ဦး,1
ဝေကျော်ဖြူ,0
ဝေစိုးစံ,0
ဝေဇင်,1
ဝေဇင်ဌေး,1
ဝေဇင်ဦး,1
ဝေနှင်းနွယ်,1
ဝေနှင်းလဲ့,1
ဝေဖြာသန့်ဇင်,0
ဝေဖြိုးကျော်,0
ဝေဖြိုးဟန်,0
ဝေဖြိုးအောင်,0
ဝေဖူးသုန်,1
ဝေမင်းပိုင်,0
ဝေမှူးအိမ်,1
ဝေမာထွန်း,1
ဝေမီမီသန်း,1
ဝေယံ,0
ဝေယံချစ်ဦး,0
ဝေယံထက်,0
ဝေယံထက်စိုး,0
ဝေယံထွန်း,0
ဝေယံထူး,0
ဝေယံပိုင်,0
ဝေယံပိုင်ဦး,0
ဝေယံဖြိုး,0
ဝေယမင်းထိုက်,0
ဝေယံမင်းအောင်,0
ဝေယံမိုးမြင့်အောင်,0
ဝေယံမိုးဦး,0
ဝေယံလင်း,0
ဝေယံလင်းထက်,0
ဝေယံဟိန်း,0
ဝေယံအောင်,0
ဝေယံဦး,0
ဝေလင်းဇော်,0
ဝေလင်းထွန်း,0
ဝေလင်းအောင်,0
ဝေလျှံထွန်းသစ်,0
ဝေလဲ့ရည်,1
ဝေဝင်းထွန်း,0
ဝေဝေခင်,1
ဝေဝေအောင်,1
ဝေသက်ထက်ဦး,1
ဝေသဇင်,1
ဝေသဇင်မိုး,1
သက်ကျော့စံ,1
သက်ကိုကိုထွန်း,0
သက်ကိုကိုအောင်,0
သက်ချစ်စနိုး,1
သက်ငုံဖူး,1
သက်စိုးထိုက်,1
သက်စုစံ,1
သက်စုမွန်,1
သက်စုဝေ,1
သက်စုအောင်,1
သက်တိုးဝေ,0
သက်ထက်အေးငြိမ်း,1
သက်ထက်အောင်,0
သက်ထွန်းအောင်,0
သက်ထွန်းဦး,0
သက်ထား,1
သက်ထားစံ,1
သက်ထားစုစံ,1
သက်ထားဆွေ,1
သက်ထားဇော်,1
သက်ထိပ်ထားစံ,1
သက်ထူးစံ,0
သက်နွယ်ဇင်,1
သက်နှင်းဆွေ,1
သက်နှင်းဦး,1
သက်နှိုင်းစံ,1
သက်နိုင်စိုး,0
သက်နိုင်ထွန်း,0
သက်နိုင်ဝင်း,0
သက်နိုင်ဦး,0
သက်ပိုင်စိုး,0
သက်ပိုင်ဒွေး,0
သက်ပိုင်ဦး,0
သက်ဖူးငုံ,1
သက်ဖူးမေ,1
သက်ဖူးဝေ,1
သက်ဘိုဘို,0
သက်ဘုန်းထူး,0
သက်မင်းအောင်,0
သက်မြတ်နိုင်,0
သက်မြတ်နိုးအောင်,0
သက်မွန်အောင်,1
သက်မှူးခင်,1
သက်မှူးဇော်,1
သက်မာလွင်သန်း,1
သက်မာဦး,1
သက်ရန်ပိုင်,0
သက်ရွှေဇင်,1
သက်လွင်ဦး,0
သက်ဝင်းလှိုင်,0
သက်ဝေအောင်,0
သက်ဝေဦး,0
သက်သက်ခိုင်,1
သက်သက်မွန်,1
သက်ဟိန်းဇော်,0
သက်အိမွန်,1
သက်အိမ့်မှူးထွဋ်,1
သင်းကဗျာ,1
သင်းချယ်ရီဝင်း,1
သင်းစံပယ်,1
သင်းစံပယ်ဦး,1
သင်းဇာနည်နိုင်,1
သင်းညိုညိုစိမ့်,1
သင်းထက်ထက်စံ,1
သင်းထက်ထက်လွင်,1
သင်းနဒီစံ,1
သင်းပွင့်ဖြူ,1
သင်းမြတ်စိုး,1
သင်းမြတ်မြတ်ဝေ,1
သင်းမြတ်မွန်,1
သင်းမြတ်ဝတီ,1
သင့်မြတ်အောင်,1
သင်းရနံ့,1
သင်းရနံ့စိုး,1
သင်းရနံ့ဌေး,1
သင်းရနံ့ဘုန်း,1
သင်းရနံ့လှိုင်,1
သင်းလဲ့စိုး,1
သင်းလဲ့ဖြူ,1
သင်းလဲ့ရည်,1
သင်းသင်းခိုင်,1
သင်းသင်းမြတ်,1
သင်းသင်းအေး,1
သင်းသင်းဦး,1
သင်းသစ္စာ,1
သင်းသဇင်ဦး,1
သင်းသန့်သူ,1
သင်းသရဖီထက်ထက်,1
သင်းသရဖီနွယ်ထွန်း,1
သင်းသိမ့်သိမ့်သူ,1
သင်းသီရိဆု,1
သင်းသီဟန်ဝင်း,1
သင်းသီိရိစံ,1
သင်းဟေမာဖြိုး,1
သင်းအိချို,1
သံစဉ်,1
သစ္စာမိုးမြင့်,1
သစ်ထွန်းအံ့စံ,0
သစ်သစ်ဇော်,1
သစ်သစ်ဦး,1
သဇင်ကျော်,1
သဇင်ခိုင်,1
သဇင်ငြိမ်း,1
သဇင်စိုး,1
သဇင်ဆင့်,1
သဇင်ဖြိုး,1
သဇင်ဖူး,1
သဇင်ဖူးဝေ,1
သဇင်မြင့်,1
သဇင်မွန်,1
သဇင်မိုးလေး,1
သဇင်မေဦး,1
သဇင်ဝင်း,1
သဇင်အေး,1
သဇင်အောင်,1
သဇင်ဦး,1
သံဇဥ်ဝတ်မှုံ,1
သဉ္ဇာကိုကို,1
သဉ္ဇာခင်ဇော်,1
သဉ္ဇာခိုင်,1
သဉ္ဇာစိုး,1
သဉ္ဇာထွန်း,1
သဉ္ဇာနွယ်ဝင်း,1
သဉ္ဇာနိုင်ဦး,1
သဉ္ဇာဖြိုး,1
သဉ္ဇာမြင့်,1
သဉ္ဇာမြိုင်,1
သဉ္ဇာလီကျော်,1
သဉ္ဇာဝင်း,1
သဉ္ဇာဟန်,1
သဉ္ဇာအောင်,1
သဉ္ဇာဦး,1
သည်းရွှေရည်သင်း,1
သတိုးအောင်,0
သန္တာကျော်,1
သန္တာစိုး,1
သန္တာစော,1
သန္တာဆွေ,1
သန္တာဇင်,1
သန္တာထွန်း,1
သန္တာနှင်းပွင့်ဖြူ,1
သန္တာဖြိုး,1
သန္တာမြင့်,1
သန္တာရွှေ,1
သန္တာလွင်,1
သန္တာဝင်း,1
သန္တာသက်ဝင်း,1
သန္တာသိန်း,1
သန္တာအေး,1
သန္တာအောင်,1
သန္တာဦး,1
သန်းကျော်ဌေး,0
သန်းကိုကို,0
သန့်စင်ထွန်း,0
သန့်စင်ဟိန်း,0
သန်းစိုးဦး,0
သန်းစုနိုင်,0
သန်းဆွေဦး,0
သန့်ဇင်ကျော်,0
သန့်ဇင်ခန့်,0
သန့်ဇင်ခိုင်,0
သန့်ဇင်ထက်,0
သန့်ဇင်ထွန်း,0
သန့်ဇင်ထွန်း,0
သန့်ဇင်ဖြိုး,0
သန့်ဇင်ဗိုလ်,0
သန့်ဇင်ဟိန်း,0
သန့်ဇင်အောင်,0
သန့်ဇင်ဦး,0
သန်းဇော်ထွန်း,0
သန့်ဇော်ရွှေ,0
သန်းဇော်ဝင်း,0
သန်းဇော်ဦး,0
သန့်ဇော်ဦး,0
သန်းဌေးလွင်,0
သန်းဌေးအောင်,0
သန်းထွဋ်အောင်,0
သန်းထွဋ်ဦး,0
သန်းထွဋ်ဦး,0
သန်းထိုက်စန်း,0
သန်းထိုက်စိုး,0
သန်းထိုက်အောင်,0
သန်းထိုက်ဦး,0
သန်းနိုင်ထွန်း,0
သန်းနိုင်ဝင်း,0
သန်းနိုင်အောင်,0
သန်းနိုင်ဦး,0
သန်းနုဝေ,1
သန့်နေဝန်း,0
သန်းမင်းအောင်,0
သန်းမျိုးနိုင်,0
သန့်မေလင်း,1
သန့်ရည်ဝင်း,1
သန်းလွင်အောင်,0
သန်းဝင်းထွန်း,0
သန့်ဝင်းထွန်း,0
သန်းဝင်းနိုင်,0
သန်းဝင်းအောင်,0
သန်းသစ္စာမွန်,1
သန့်သူရိန်ဇော်,0
သပြေဦး,0
သမုဒယ,0
သျှန်လင်းမှုံ,0
သျှိုင်းပြည့်စုံ,0
သံလွင်ထွန်း,0
သံလွင်ဦး,0
သွင်စုနိုင်,0
သွင်ထူး,0
သွင်ထူးနိုင်,0
သွင်ထူးအောင်,0
သွင်ဦးဟန်,0
သွန်းဆုထက်,1
သွန်းဝတီမျိုးထွဋ်,1
သွန်းသစ္စာဇော်,1
သွယ်ဇင်ဌေး,1
သွယ်သွယ်ဇင်,1
သွယ်သွယ်ဖြိုး,1
သွယ်သွယ်လှိုင်,1
သွဲ့မှူးခင်,1
သွဲ့သွဲ့သန့်,1
သွဲ့သွဲ့ဦး,1
သံသာလွင်ဦး,1
သဥ္ဇာစိုးသိန်း,1
သဥ္ဇာနွယ်,1
သဥ္ဇာဝင်း,1
သာဇင်ထက်,0
သာတင့်အောင်,0
သာထက်ဝေ,0
သာထက်အောင်,0
သာထွန်းအေး,0
သာထွန်းအောင်,0
သာထွန်းဦး,0
သာယာအောင်,0
သာအောင်ဟိန်း,0
သိင်္ဂီစိုး,1
သိင်္ဂီထက်ဝင်း,1
သိင်္ဂီထွန်း,1
သိင်္ဂီထိုက်,1
သိင်္ဂီမြင့်,1
သိင်္ဂီမြင့်,1
သိင်္ဂီဝင်း,1
သိင်္ဂီအောင်,1
သိန်းကိုကိုဦး,0
သိန်းဇော်ထွန်း,0
သိန်းဇော်မြင့်,0
သိန်းဇော်ဝင်း,0
သိန်းဇော်ဦး,0
သိန်းဌေးအောင်,0
သိန်းဌေးဦး,0
သိန်းထက်တိုး,0
သိန်းထွန်းဇော်,0
သိန်းထွန်းဝင်း,0
သိန်းထွန်းအေး,0
သိန်းထွန်းအောင်,0
သိန်းထွန်းဦး,0
သိန်းနိုင်ဦး,0
သိန်းမြင့်ထွန်း,0
သိန်းမြင့်ဦး,0
သိန်းအောင်မြင့်,0
သိမ့်ကေသီစံ,1
သိမ့်ဇင်ဇင်မိုး,1
သိမ့်ဇာနည်မြင့်,1
သိမ့်နဒီမောင်,1
သိမ့်နွယ်နွယ်ဇွန်,1
သိမ့်နိုနိုခြူး,1
သိမ့်ရတနာစိုး,1
သိမ့်ရူပါခင်,1
သိမ့်သဉ္ဇာညွန့်,1
သိမ့်သဉ္ဇာထွန်း,1
သိမ်းသရဖူအောင်,1
သိမ့်သဥ္ဇာလွင်,1
သိမ့်သိမ့်ဇင်,1
သိမ့်သိမ့်ထွန်း,1
သိမ့်သိမ့်နွယ်,1
သိမ့်သိမ့်မိုး,1
သိမ့်သိမ့်ယဉ်,1
သိမ့်သိမ့်ဝင်း,1
သိမ့်သိမ့်သူ,1
သိမ့်သိမ့်သူ,1
သိမ့်သိမ့်အောင်,1
သိမ့်သိမ့်အောင်,1
သိမ့်သီတာအောင်,1
သိမ့်သီရိ,1
သိုက်ဆန်းနွန်,0
သိုက်ဉာဏ်,0
သိုက်ထွန်း,0
သိုက်ထော,0
သိုက်မွန်,0
သိုက်ရော့,0
သီတာခင်,1
သီတာချို,1
သီတာခိုင်,1
သီတာစန်း,1
သီတာစန်းနု,1
သီတာစိုး,1
သီတာဆွေ,1
သီရိကျော်,1
သီရိကျော်စွာ,1
သီရိခန့်,1
သီရိချို,1
သီရိခေတ်,1
သီရိစိုး,1
သီရိစိုးစံ,1
သီရိစိုးဟန်,1
သီရိဆွဇေင်,1
သီရိဇင်အောင်,1
သီရိထက်တင်,1
သီရိထက်အောင်,1
သီရိထွန်း,1
သီရိနွယ်,1
သီရိမျိုးဆွေ,1
သီရိမျိုးသန့်,1
သီရိမြင့်ဇော်,1
သီရိမှုံ,1
သီရိရတနာ,1
သီရိလင်းထက်,1
သီရိဝင်း,1
သီရိသက်,1
သီရိသစ္စာခိုင်,1
သီရိသန့်ဇင်,1
သီရိသဥ္ဇာဗိုလ်,1
သီရိသိမ့်သိမ့်သုံ,1
သီရိသော်,1
သီရိအောင်,1
သီသီခင်,1
သီသီစိုးညွန့်,1
သီဟစိုးထက်,0
သီဟဇော်,0
သီဟထက်ဇော်,0
သီဟထက်အောင်,0
သီဟထွန်း,0
သီဟံထွန်း,0
သီဟန်,1
သီဟဝင်းမော်,0
သီဟသော်,0
သီဟအောင်,0
သုခ,0
သုတ,0
သုတဇော်,0
သုထက်ပိုင်,0
သုသီရိထွဋ်ဇင်,0
သူဇာမြင့်မြတ်,1
သူဇာမိုး,0
သူဇာအောင်,0
သူဇာဦး,0
သူထက်အောင်,0
သူရကျော်,0
သူရစိုး,0
သူရဇော်,0
သူရထက်နိုင်,0
သူရထွန်း,0
သူရမိုးလှိုင်,0
သူရမောင်,0
သူရရဲရင့်,0
သူရလင်း,0
သူရလွင်,0
သူရသက်လွင်,0
သူရအောင်,0
သူရဦးအောင်,0
သူရိန်ထွန်း,0
သူရိန်နေဇော်,0
သူရိန်လင်း,0
သူရိန်လွင်,0
သူရိန်ဝင်း,0
သူရိန်ဦး,0
သူသူထက်,1
သူသူမောင်,1
သူသူဝင်း,1
သူသူအောင်,1
သောဒန်ကလေး,0
သော်ဆုရည်,1
သော်ဇင်,0
သော်ဇင်ယု,1
သော်ဇင်လှိုင်း,1
သော်ဇင်ဦး,0
သော်တာမင်း,0
သော်တာလင်း,0
သော်တာလွင်,0
သော်တာလဲ့ဝင်း,1
သော်တာဝန်း,1
သော်ထက်အောင်,0
သော်နေဇော်,0
သော်မီမီလွင်,1
သော်လင်းထွန်း,0
သော်သော်လှိုင်,1
သဲငုဝါဝါ,1
သဲစိမ့်အေး,1
သဲစုစုဝေ,1
သဲစုညိမ်း,1
သဲစုနိုင်,1
သဲစုမွန်,1
သဲစုမိုးနိုင်,1
သဲစုလှိုင်,1
သဲစုဟန်,1
သဲစုအောင်,1
သဲစုဦး,1
သဲဆုငြိမ်း,1
သဲဆုစံ,1
သဲဆုဆည်းဆာ,1
သဲဆုနိုင်,1
သဲဆုမွန်,1
သဲဆုဟန်,1
သဲဇာနည်ကျော်,1
သဲနွေးနွေးဦး,1
သဲနုဆွဇေင်,1
သဲနုဖြူ,1
သဲနုလွင်,1
သဲပွင့်ဇွန်,1
သဲပွင့်ဦး,1
သဲပိုးအိမ်,1
သဲဖြူစင်ဦး,1
သဲမြတ်နိုးလွင်,1
သဲမြနန္ဒာ,1
သဲရွှေဇင်,1
သဲရွှေရည်,1
သဲရွှေရည်သင်း,1
သဲဝေဖြိုး,1
သဲသစ္စာဖူး,1
သဲသဲစုမွန်,1
သဲသဲအိ,1
သဲအိစံ,1
သဲအိနှင်း,1
သဲအိန္ဒြာဦး,1
သဲအိဖြူ,1
သဲအေးဆု,1
ဟန်စစ်လွင်,0
ဟန်စုယဥ်,1
ဟန်ဇာမိုးမြင့်,1
ဟန်ဇော်ထွန်း,0
ဟန်ထက်ဇင်,1
ဟန်ထွန်းအောင်,0
ဟန်နွယ်ထွဋ်,1
ဟန်နွေငြိမ်း,1
ဟန်နီကို,1
ဟန်နီစိုး,1
ဟန်နီဇင်,1
ဟန်နီထွဋ်,1
ဟန်နီထွန်း,1
ဟန်နီနီမြင့်သူ,1
ဟန်နီလင်းလက်,1
ဟန်နီဝင်း,1
ဟန်နီသင်း,1
ဟန်နီအောင်,1
ဟန်နီအောင်မြတ်,1
ဟန်နေထူး,0
ဟန်ပိုမိုလတ်,1
ဟန်မင်းထွန်း,0
ဟန်မင်းမော်,0
ဟန်မင်းအောင်,0
ဟန်မျိုးဇော်,0
ဟန်မျိုးအောင်,0
ဟန်ရှိန်းထက်,0
ဟန်လင်းမောင်,0
ဟန်လင်းအောင်,0
ဟန်လပြည့်မင်း,0
ဟန်ဝင်းထက်,0
ဟန်ဝင်းအောင်,0
ဟန်သဇင်ထွန်း,0
ဟန်သန့်စင်,0
ဟယ်ရီသွင်,0
ဟိဏ်းစည်,0
ဟိဏ်းတေဇာစိုး,0
ဟိဏ်းမင်းထက်,0
ဟိန်းကိုထက်,0
ဟိန်းကောင်းဆက်,0
ဟိန်းစည်,0
ဟိန်းစည်သူဖြိုး,0
ဟိန်းဇာနည်,0
ဟိန်းဇေယျာဦး,0
ဟိန်းဇော်ထွန်း,0
ဟိန်းဇော်အောင်,0
ဟိန်းထက်စံ,0
ဟိန်းထက်စိုး,0
ဟိန်းထက်ဇော်,0
ဟိန်းထက်နိုင်,0
ဟိန်းထက်လင်း,0
ဟိန်းထက်လှိုင်,0
ဟိန်းထက်သူ,0
ဟိန်းထက်အာကာမောင်,0
ဟိန်းထက်အောင်,0
ဟိန်းထွဋ်ဝင်း,0
ဟိန်းထူးအောင်,0
ဟိန်းပြည့်စည်သူ,0
ဟိန်းပြည့်ထူး,0
ဟိန်းပိုင်သူ,0
ဟိန်းမင်းစိုး,0
ဟိန်းမင်းသူ,0
ဟိန်းမြတ်သူ,0
ဟိန်းယုအောင်,0
ဟိန်းလင်းကျော်,0
ဟိန်းလင်းထက်,0
ဟိန်းလင်းထွန်း,0
ဟိန်းလင်းအောင်,0
ဟိန်းဝဏ္ဏစံ,0
ဟိန်းဝဏ္ဏသူ,0
ဟိန်းဝေယံဗိုလ်,0
ဟိန်းသက်အောင်,0
ဟိန်းသူဖြိုး,0
ဟိန်းသူရဇော်,0
ဟိန်းသူအောင်,0
ဟေဇင်,1
ဟေမန်သင်း,1
ဟေမာကျော်,1
ဟေမာချိန်ဝင်း,1
ဟေမာငြိမ်းချမ်းအောင်,1
ဟေမာစံ,1
ဟေမာစိုးနိုင်,1
ဟေမာနှင်း,1
ဟေမာန်ကျော်ဦး,1
ဟေမာန်ခြူးဇင်,1
ဟေမာန်စိုး,1
ဟေမာန်မြင့်မိုရ်,1
ဟေမာန်လင်း,1
ဟေမာန်ဦး,1
ဟေမာန်ဦး,1
ဟေသာထွန်း,1
ဟေသူမိုး,1
အင်ကြင်းခိုင်,1
အင်းကြင်းခိုင်,1
အင်ကြင်းပြည့်,1
အင်ကြင်းဖြူ,1
အင်ကြင်းမြတ်,1
အင်ကြင်းမေ,1
အင်ကြင်းဦး,1
အံ့ထူးစံ,0
အံ့မင်းမောင်,0
အားကျော်ကျော်,0
အာကာကျော်,0
အာကာစိုး,0
အာကာထွန်း,0
အာကာဖြိုး,0
အာကာမင်းဦး,0
အာကာရဲဟိန်း,0
အာကာလင်း,0
အာကာဟိန်း,0
အာကာအောင်,0
အိကျော်ဇင်,1
အိကြည်ပြာနှင်း,1
အိကလျာဇော်,1
အိကေခိုင်,1
အိကေခိုင်ကျော်,1
အိကေခိုင်မွန်,1
အိချိုဇင်,1
အိချောဖြူ,1
အိချောမေ,1
အိချောသူ,1
အိခိုင်ဖြိုး,1
အိခိုင်မြင့်လွင်,1
အိခိုင်မိုး,1
အိခိုင်ဝင်း,1
အိငြိမ်းချမ်းဝေ,1
အိငုံဖူး,1
အိစန္ဒာမြင့်,1
အိဆုဇင်အောင်,1
အိဇင်ဖြိုး,1
အိဇင်ရှိုင်း,1
အိဇာပိုင်,1
အိဒါလီအောင်,1
အိနဒီအောင်,1
အိနန္ဒာဦး,1
အိန္ဒြာကိုကိုနိုင်,1
အိန္ဒြာစံ,1
အိန္ဒြာမြသွေး,1
အိန္ဒြေကျော်,1
အိပပမျိုး,1
အိပပအောင်,1
အိပွင့်ဖြူ,1
အိပိုပိုဟန်,1
အိဖြိုးခန့်,1
အိဖြိုးခိုင်,1
အိဖြိုးဝေမောင်,1
အိဖြူချော,1
အိဖြူစင်,1
အိဖြူဇင်,1
အိဖြူဇော်,1
အိဖြူထွေး,1
အိဖြူဖြူခင်,1
အိဖြူဖြူစိုး,1
အိဖြူမြင့်,1
အိဖြူဝင်း,1
အိဖြူသဲ,1
အိဖူးငုံ,1
အိမင်းဖြူ,1
အိမျိုးသူ,1
အိမြတ်ဒီပါ,1
အိမြတ်မွန်,1
အိမြတ်သွယ်,1
အိမွန်ခိုင်,1
အိမွန်စိုင်းခွန်,1
အိမွန်မွန်ကျော်,1
အိမွန်မွန်ထွေး,1
အိမွန်မွန်အောင်,1
အိမွန်လှိုင်,1
အိမွန်သိမ့်,1
အိမွန်သော်,1
အိမာလာဝင်း,1
အိမိုင်သွယ်,1
အိမို့မို့ဆန်း,1
အိမို့မို့တင်,1
အိမို့မို့သဲ,1
အိမ့်ကျော့မှူး,1
အိမ့်ခြူးပြည့်ပြည့်,1
အိမ့်ငုံဖူး,1
အိမ်စည်ကျော်,1
အိမ့်ပြည့်ဖြိုး,1
အိမ့်ပိုင်မှူး,1
အိမ်မင်းစံ,1
အိမ့်မျက်သွယ်ဦး,1
အိမ့်မွန်ဝင်း,1
အိမ့်မှူးမှူးခင်,1
အိမ့်မှူးအောင်,1
အိမ့်ရတနာမိုး,1
အိမ့်သက်မွန်,1
အိမ့်အိအိခင်,1
အိယွန်းမီမီဝေ,1
အိရတနာစိုး,1
အိရတီဦး,1
အိရွှန်းလဲ့ဝန်း,1
အိရွှေစင်,1
အိရွှေစင်ဖြိုး,1
အိရွှေစင်ဝင်း,1
အိရွှေဇင်,1
အိရွှေဇင်ဦး,1
အိလွင်ကို,1
အိသက်ချို,1
အိသက်ခိုင်,1
အိသက်သက်ဆွေ,1
အိသက်သက်အောင်,1
အိသင်ဇာလင်း,1
အိသင်္ကြန်,1
အိသဇင်ကျော်,1
အိသဇင်ထွေး,1
အိသဇင်မိုး,1
အိသဉ္ဇာ,1
အိသဉ္ဇာကျော်,1
အိသဉ္ဇာခင်,1
အိသဉ္ဇာထက်,1
အိသဉ္ဇာဖြူ,1
အိသဉ္ဇာဝင်းမောင်,1
အိသန္တာကျော်,1
အိသန္တာစိုး,1
အိသန္တာဇော်,1
အိသန္တာထူး,1
အိသန္တာမျိုး,1
အိသန္တာဝင်း,1
အိသရဖီကျော်,1
အိသူဇာစိုး,1
အိသူသူလှိုင်,1
အိသဲပိုင်,1
အိသဲဖြူ,1
အိသဲမြတ်အောင်,1
အိအိခင်,1
အိအိချော,1
အိအိခိုင်,1
အိအိဉာဏ်ဝင်း,1
အိအိထွေး,1
အိအိနှင်း,1
အိအိန္ဒြာကျော်,1
အိအိဖြိုး,1
အိအိဖူးငုံမောင်,1
အိအိမောင်,1
အိအိသက်မိုး,1
အိအိသွယ်,1
အုပ်စိုးဇာန်,0
အုပ်ဇော်ခန့်ဦး,0
အေးကြည်ညိမ်း,1
အေးခင်မွန်,1
အေးချမ်းကံ့ကော်,1
အေးချမ်းစု,1
အေးချမ်းမြင့်,1
အေးချမ်းမြင့်မြတ်,1
အေးချမ်းမြေ့,1
အေးချမ်းမြေ့စော,1
အေးချမ်းမွန်,1
အေးချမ်းမိုး,1
အေးချမ်းသူ,1
အေးခိုင်ဖြိုး,0
အေးငြိမ့်ငြိမ့်ဖူး,1
အေးငြိမ်းစံ,1
အေးငြိမ်းစန်,1
အေးငြိမ်းမြတ်မိုး,1
အေးငြိမ်းမွန်,1
အေးငြိမ်းသူ,1
အေးစန္ဒာ,1
အေးစန္ဒာကြည်,1
အေးစန္ဒာဖြိုး,1
အေးစန္ဒာမြင့်,1
အေးစန္ဒာဝင်း,1
အေးစုဖြိုး,1
အေးဆုအောင်,1
အေးဇာခြည်ဦး,1
အေးဇူလိုင်မိုး,1
အေးနန္ဒာဦး,1
အေးနွယ်သိုင်း,1
အေးနှင်းခိုင်,1
အေးနှင်းဖြူ,1
အေးပပမြ,1
အေးပြည့်စုံမျိုး,1
အေးပြည့်ပြည့်ချမ်း,1
အေးပြည့်ပြည့်မိုး,1
အေးပွင့်ဖြူ,1
အေးပုလဲကြည်,1
အေးမင်းစိုး,0
အေးမင်းညို,0
အေးမင်းထွန်း,0
အေးမင်းသူ,0
အေးမင်းဦး,0
အေးမျက်ခြယ်,1
အေးမြင့်မြတ်ခိုင်,1
အေးမြင့်မြတ်သူ,1
အေးမြတ်နိုးဦး,1
အေးမြတ်မြတ်ပိုင်,1
အေးမြတ်မွန်,1
အေးမြတ်မွန်ဦး,1
အေးမြတ်မိုး,1
အေးမြတ်သူ,1
အေးမြတ်သူဇာ,1
အေးမြမွန်,1
အေးမြမိုး,1
အေးမြမိုမို,1
အေးမြလှိုင်,1
အေးမြသန္တာ,1
အေးမြသူ,1
အေးမြအောင်,1
အေးမွန်ကျော်,1
အေးမွှေး,1
အေးမာချို,1
အေးမိုးစံ,1
အေးမို့မို့ထွေး,1
အေမီဆန်း,1
အေမီဇော်,1
အေမီထွန်း,1
အေမီမီဆန်း,1
အေမီမီဖူး,1
အေမီဝင်း,1
အေးရတနာကျော်,1
အေးလရိပ်,1
အေးဝင်းဝင်းစံ,1
အေးသက်ချို,1
အေးသက်ပိုင်,1
အေးသဇင်ဦး,1
အေးသန္တာကျော်,1
အေးသန္တာစိုး,1
အေးသန္တာအောင်,1
အေးသန္တာဦး,1
အေးသဥ္ဇာသိမ့်,1
အေးသိင်္ဂီကျော်,1
အေးသီတာ,1
အေးသီတာထွန်း,1
အေးသီတာဖြိုး,1
အေးသီတာလွင်,1
အေးသီတာအောင်,1
အေးသီရိကျော်,1
အေးသီရိမောင်,1
အေးသီရိသန်း,1
အေးသူဇာခိုင်,1
အေးသူဇာမြင့်,1
အေးသူဇာသိမ်း,1
အေးသူဇာအောင်,1
အေးအိစံ,1
အေးအိန္ဒြာဗို,1
အေးအေးမြင့်,1
အေးအေးဝေယံ,1
အေးအေးသောင်း,1
အောင်ကျော်ကျော်,0
အောင်ကျော်ကျော်မင်း,0
အောင်ကျော်ခိုင်,0
အောင်ကျော်ငြိမ်း,0
အောင်ကျော်စွာ,0
အောင်ကျော်စိုး,0
အောင်ကျော်ဆန်း,0
အောင်ကျော်ဇံ,0
အောင်ကျော်ဇော,0
အောင်ကျော်ညွန့်,0
အောင်ကျော်ထင်ကို,0
အောင်ကျော်ထွန်း,0
အောင်ကျော်ထူး,0
အောင်ကျော်နိုင်,0
အောင်ကျော်ဖြိုး,0
အောင်ကျော်မင်း,0
အောင်ကျော်မြင့်,0
အောင်ကျော်မြင့်,0
အောင်ကျော်မိုး,0
အောင်ကျော်လင်း,0
အောင်ကျော်လွင်,0
အောင်ကျော်သက်,0
အောင်ကျော်သူ,0
အောင်ကျော်ဟိန်း,0
အောင်ကျော်ဦး,0
အောင်ကြည်မင်း,0
အောင်ကြည်မြင့်,0
အောင်ကြည်ဝင်း,0
အောင်ကြည်သိန်း,0
အောင်ကိုကို,0
အောင်ကိုကိုမင်း,0
အောင်ကိုကိုဟိန်း,0
အောင်ကိုခန့်,0
အောင်ကိုလတ်,0
အောင်ကိုဝင်း,0
အောင်ကိုဦး,0
အောင်ကောင်းချစ်,0
အောင်ကောင်းမြတ်,0
အောင်ကောင်းမိုး,0
အောင်ကောင်းသူ,0
အောင်ခင်စိုး,0
အောင်ခင်ဇော်,0
အောင်ခန့်ကျော်,0
အောင်ခန့်ငြား,0
အောင်ခန့်ဇေ,0
အောင်ခန့်ဇော်,0
အောင်ခန့်ဖြိုး,0
အောင်ခန့်မင်း,0
အောင်ခန့်မိုး,0
အောင်ခန့်သူ,0
အောင်ချမ်းကို,0
အောင်ချမ်းမြေ့,0
အောင်ချိုဦး,0
အောင်ခိုင်ဝင်း,0
အောင်ခိုင်ဦး,0
အောင်ခေတ်ပိုင်,0
အောင်ငြိမ်းချမ်း,0
အောင်ငွေစိုး,0
အောင်စည်ဖြိုး,0
အောင်စည်မင်း,0
အောင်စိန်ထွန်း,0
အောင်စိုးမင်း,0
အောင်စိုးမြင့်,0
အောင်စိုးမိုး,0
အောင်စိုးလင်း,0
အောင်စိုးလွင်,0
အောင်စိုးဝင်း,0
အောင်စိုးသိန်း,0
အောင်စိုးဟိန်း,0
အောင်စိုးဦး,0
အောင်ဆန်းစုကြည်,1
အောင်ဆန်းထွန်း,0
အောင်ဆန်းထူး,0
အောင်ဆန်းမြင့်,0
အောင်ဆန်းလွင်,0
အောင်ဆန်းဝင်း,0
အောင်ဆန်းဟိန်း,0
အောင်ဆန်းဦး,0
အောင်ဆွေမြင့်,0
အောင်ဆွေဦး,0
အောင်ဇင်မင်းခန့်,0
အောင်ဇေယျ,0
အောင်ဇေယျာဖြိုး,0
အောင်ဇော်စိုး,0
အောင်ဇော်ထွန်း,0
အောင်ဇော်နိုင်,0
အောင်ဇော်ဖြိုး,0
အောင်ဇော်မင်း,0
အောင်ဇော်မျိုး,0
အောင်ဇော်မြင့်,0
အောင်ဇော်မိုး,0
အောင်ဇော်ရဲမြင့်,0
အောင်ဇော်လင်း,0
အောင်ဇော်လတ်,0
အောင်ဇော်လွင်,0
အောင်ဇော်ဝင်း,0
အောင်ဇော်ဦး,0
အောင်ဌေးလွင်,0
အောင်ဌေးဝင်း,0
အောင်ဌေးဦး,0
အောင်တင်စိုး,0
အောင်တင်ထွန်း,0
အောင်တင်မြင့်,0
အောင်တင်ဝင်း,0
အောင်တင်ဦး,0
အောင်တေဇနိုင်,0
အောင်ထက်ကျော်,0
အောင်ထက်စံ,0
အောင်ထက်ပိုင်,0
အောင်ထက်မြတ်,0
အောင်ထက်မောင်,0
အောင်ထက်ဦး,0
အောင်ထွန်းကျော်,0
အောင်ထွန်းကြည်,0
အောင်ထွန်းနိုင်,0
အောင်ထွန်းမြင့်,0
အောင်ထွန်းလင်း,0
အောင်ထွန်းဝင်း,0
အောင်ထွန်းသက်,0
အောင်ထွန်းဦး,0
အောင်ထွေးပိုင်,0
အောင်ထူးခိုင်,0
အောင်ထူးမြတ်ခိုင်,0
အောင်နိုင်စိုး,0
အောင်နိုင်ထွန်း,0
အောင်နိုင်ထွေး,0
အောင်နိုင်မြင့်,0
အောင်နိုင်မိုး,0
အောင်နိုင်လင်း,0
အောင်နိုင်ဝင်း,0
အောင်နိုင်သူ,0
အောင်နိုင်ဦး,0
အောင်နေဆန်း,0
အောင်ပြည့်ကျော်,0
အောင်ပြည့်စုံ,0
အောင်ပြည့်စုံ,0
အောင်ပြည့်စုံနိုင်,0
အောင်ပြည့်ဖြိုး,0
အောင်ပြည့်မိုး,0
အောင်ပြည့်မိုးသူ,0
အောင်ပြည့်ဟိန်း,0
အောင်ပိုင်ထူး,0
အောင်ပိုင်ဦး,0
အောင်ဖြိုးကို,0
အောင်ဖြိုးထက်,0
အောင်ဖြိုးထွေး,0
အောင်ဖြိုးပိုင်,0
အောင်ဖြိုးသိန်း,0
အောင်ဖြိုးဦး,0
အောင်ဖြူဖြူထွန်း,1
အောင်ဘိုဘို,0
အောင်ဘုန်းခန့်,0
အောင်ဘုန်းထွဋ်,0
အောင်ဘုန်းမြင့်,0
အောင်ဘုန်းမြတ်,0
အောင်မင်းခန့်,0
အောင်မင်းဇော်,0
အောင်မင်းထက်,0
အောင်မင်းထွန်း,0
အောင်မင်းနိုင်,0
အောင်မင်းမင်း,0
အောင်မင်းသိန်း,0
အောင်မင်းသူ,0
အောင်မင်းဦး,0
အောင်မျိုးကျော်,0
အောင်မျိုးခန့်,0
အောင်မျိုးခိုင်,0
အောင်မျိုးဆွေ,0
အောင်မျိုးဇော်,0
အောင်မျိုးထွဋ်,0
အောင်မျိုးထွန်း,0
အောင်မျိုးနိုင်,0
အောင်မျိုးမင်း,0
အောင်မျိုးမြင့်,0
အောင်မျိုးမြတ်,0
အောင်မျိုးလွင်,0
အောင်မျိုးဝင်း,0
အောင်မျိုးသန့်,0
အောင်မျိုးသူ,0
အောင်မျိုးဟိန်း,0
အောင်မျိုးအေး,0
အောင်မျိုးဦး,0
အောင်မြင့်ကျော်,0
အောင်မြင့်ဌေး,0
အောင်မြင့်ထွန်း,0
အောင်မြင့်နိုင်,0
အောင်မြင့်မြတ်,0
အောင်မြင့်မောင်,0
အောင်မြင်သူ,0
အောင်မြင့်ဦး,0
အောင်မြတ်ကျော်,0
အောင်မြတ်စိုး,0
အောင်မြတ်ထက်,0
အောင်မြတ်သာ,0
အောင်မြတ်သူ,0
အောင်မြတ်ဦး,0
အောင်မိုးကျော်,0
အောင်မိုးမြင့်,0
အောင်မိုးဝင်း,0
အောင်မော်လွင်,0
အောင်မော်သိန်း,0
အောင်ရွှေထွန်း,0
အောင်ရဲပိုင်,0
အောင်ရဲမြတ်,0
အောင်လင်းခိုင်,0
အောင်လင်းထွန်း,0
အောင်လင်းသန့်,0
အောင်လင်းဦး,0
အောင်လွင်စိုး,0
အောင်လွင်ဦး,0
အောင်လှထွန်း,0
အောင်ဝင်းခိုင်,0
အောင်ဝင်းဇော်,0
အောင်ဝင်းထွန်း,0
အောင်ဝင်းနိုင်,0
အောင်ဝင်းလှိုင်,0
အောင်ဝင်းသိန်း,0
အောင်ဝင်းဦး,0
အောင်သက်ပိုင်,0
အောင်သက်ဦး,0
အောင်သန်းဇော်,0
အောင်သန်းညွန့်,0
အောင်သန်းဌေး,0
အောင်သန်းထွန်း,0
အောင်သန်းထိုက်,0
အောင်သန့်ပိုင်,0
အောင်သန်းဦး,0
အောင်သာကျော်,0
အောင်သာထွန်း,0
အောင်သိန်းဟန်,0
အောင်သိန်းဦး,0
အောင်သိန်းဦး,0
အောင်သီဟ,0
အောင်သုခ,0
အောင်သူခန့်,0
အောင်သူထွန်း,0
အောင်သူရ,0
အောင်သူရကျော်,0
အောင်သူရဦး,0
အောင်သူဝင်း,0
အောင်သူဟိန်း,0
အောင်သူအေး,0
အောင်သောင်း,0
အောင်ဟန်မိုး,0
အောင်ဟိန်းကျော်,0
အောင်ဟိန်းချမ်း,0
အောင်ဟိန်းစိုး,0
အောင်းဟိန်းလတ်,0
အောင်ဟိန်းဦး,0
အောင်ဟိန်းဦး,0
အောင်အောင်စိုး,0
အောင်အောင်မြတ်ကျော်,0
အောင်အောင်လွင်,0
အောင်အောင်ဦး,0
ဣန္ဒြေမိုးထက်,1
ဥက္ကကျော်,0
ဥက္ကာကျော်,0
ဥက္ကာစိုးကျော်,0
ဥက္ကာဖြိုး,0
ဥက္ကာမျိုးကျော်,0
ဥက္ကာမြတ်,0
ဥတ္တရာဦး,0
ဥမ္မာခင်,1
ဥမ္မာခိုင်,1
ဥမ္မာနွေး,1
ဥသာဖြိုး,0
ဧကရီထွန်း,1
ဧပရယ်ဂျူးဂျူး,1